"MeanDecreaseAccuracy","Gene"
"CPXM1",0,"CPXM1"
"FNDC1",0,"FNDC1"
"COL6A2",0.00025,"COL6A2"
"AEBP1",0.00025,"AEBP1"
"SCUBE3",0.000333333333333333,"SCUBE3"
"COL16A1",0,"COL16A1"
"THY1",0,"THY1"
"COL11A1",0.00045,"COL11A1"
"ALPL",0,"ALPL"
"VCAN",0,"VCAN"
"COL5A1",5e-04,"COL5A1"
"MMP9",0,"MMP9"
"NLRP3",0,"NLRP3"
"MT1G",0,"MT1G"
"INHBA",0.00025,"INHBA"
"CKB",0.000333333333333333,"CKB"
"COL5A3",0,"COL5A3"
"COL5A2",-5e-04,"COL5A2"
"APCDD1L",2e-04,"APCDD1L"
"LOXL2",0.000333333333333333,"LOXL2"
"ADAM12",0.000916666666666667,"ADAM12"
"MMP14",0,"MMP14"
"OLFML2B",0,"OLFML2B"
"COL15A1",0.000666666666666667,"COL15A1"
"EMILIN1",-5e-04,"EMILIN1"
"COL12A1",0,"COL12A1"
"COL7A1",0.00025,"COL7A1"
"LRRC15",0,"LRRC15"
"FSTL1",0,"FSTL1"
"LBP",0,"LBP"
"SMOC1",0.000866666666666667,"SMOC1"
"ACP5",0,"ACP5"
"LINC00511",5e-04,"LINC00511"
"PTGES",0,"PTGES"
"SPARC",2e-04,"SPARC"
"CAVIN2",0,"CAVIN2"
"HTRA3",5e-04,"HTRA3"
"SMOC2",0.000583333333333333,"SMOC2"
"COL4A1",0,"COL4A1"
"PRSS23",0,"PRSS23"
"GPC1",2e-04,"GPC1"
"ADAMTS2",0,"ADAMTS2"
"LCP2",0,"LCP2"
"CAVIN3",5e-04,"CAVIN3"
"MXRA5",0,"MXRA5"
"TMEM119",0,"TMEM119"
"IGHV1.2",0,"IGHV1.2"
"PRAM1",0.000583333333333333,"PRAM1"
"HHIPL1",0,"HHIPL1"
"MELTF",0,"MELTF"
"ADGRG3",0,"ADGRG3"
"CCL3",0,"CCL3"
"ABCA13",0,"ABCA13"
"ITGAM",0,"ITGAM"
"COL4A2",0,"COL4A2"
"SERPINE2",0,"SERPINE2"
"EDIL3",0,"EDIL3"
"CHPF",0.000333333333333333,"CHPF"
"SPON1",0,"SPON1"
"COL6A1",0.00025,"COL6A1"
"IGFBP4",0,"IGFBP4"
"STX11",0.00075,"STX11"
"FGL2",0,"FGL2"
"MRC2",0,"MRC2"
"IL11",0.000333333333333333,"IL11"
"IGHV3.74",0,"IGHV3.74"
"LGALS1",0,"LGALS1"
"SERPINA5",0,"SERPINA5"
"OLFML3",0,"OLFML3"
"TRPV4",0,"TRPV4"
"MMP2",0,"MMP2"
"CTSK",0,"CTSK"
"IGHG2",0,"IGHG2"
"COL11A2",0,"COL11A2"
"IGLV2.14",0,"IGLV2.14"
"FGD2",0,"FGD2"
"CCL3L1",0,"CCL3L1"
"FSTL3",-0.00025,"FSTL3"
"GNLY",0,"GNLY"
"MAGED1",0,"MAGED1"
"IGLV4.69",0.000333333333333333,"IGLV4.69"
"C1R",0,"C1R"
"IGHV3.33",0,"IGHV3.33"
"GLIS3",-0.000333333333333333,"GLIS3"
"ALX4",0,"ALX4"
"SERPINE1",0,"SERPINE1"
"IRS2",0,"IRS2"
"BGN",0,"BGN"
"H19",0.00025,"H19"
"IGHV3.23",0,"IGHV3.23"
"NDUFA4L2",0.000333333333333333,"NDUFA4L2"
"LILRB5",0,"LILRB5"
"PCOLCE",0,"PCOLCE"
"PLOD1",0,"PLOD1"
"MXRA8",0,"MXRA8"
"FBN1",0.000333333333333333,"FBN1"
"PMEPA1",0,"PMEPA1"
"SERPINA1",0,"SERPINA1"
"FKBP10",0,"FKBP10"
"LIF",0,"LIF"
"RCN3",0.000333333333333333,"RCN3"
"IGLC3",0,"IGLC3"
"IGFBP2",0,"IGFBP2"
"PLAUR",5e-04,"PLAUR"
"TIMP1",0,"TIMP1"
"SLC39A14",0,"SLC39A14"
"MT.CO1",0,"MT.CO1"
"DKK3",0,"DKK3"
"SFRP1",0,"SFRP1"
"COL3A1",0,"COL3A1"
"PCDH19",0,"PCDH19"
"APOLD1",0,"APOLD1"
"IGHV3.7",0.000833333333333333,"IGHV3.7"
"IL10RA",0,"IL10RA"
"KDM6B",0,"KDM6B"
"RBM38",0.00025,"RBM38"
"BMP1",0,"BMP1"
"ANGPTL4",0,"ANGPTL4"
"SLA",0,"SLA"
"PXDN",0,"PXDN"
"ZFP36",0,"ZFP36"
"PAPSS2",0,"PAPSS2"
"P4HA2",0.000583333333333333,"P4HA2"
"DCN",0.000533333333333333,"DCN"
"FMN1",0,"FMN1"
"GPIHBP1",0,"GPIHBP1"
"COL18A1",0,"COL18A1"
"TNF",0,"TNF"
"AREG",0,"AREG"
"PTGDS",0,"PTGDS"
"SCARF2",0,"SCARF2"
"MT1H",0.000333333333333333,"MT1H"
"THEMIS2",0,"THEMIS2"
"SRPX",0,"SRPX"
"C1QA",0,"C1QA"
"COL27A1",0.00025,"COL27A1"
"BTNL9",0,"BTNL9"
"SCD",0,"SCD"
"SIX1",0.000333333333333333,"SIX1"
"NAMPT",0,"NAMPT"
"TENM4",0,"TENM4"
"MMP13",0,"MMP13"
"RBP4",0,"RBP4"
"ITGA11",0,"ITGA11"
"IGHG3",0,"IGHG3"
"NR4A3",0,"NR4A3"
"PYCR1",0.00025,"PYCR1"
"IBSP",0,"IBSP"
"CD276",0,"CD276"
"SDK2",0.000583333333333333,"SDK2"
"FGFR3",0.000333333333333333,"FGFR3"
"ZNF469",0.00025,"ZNF469"
"NOS2",0,"NOS2"
"NFKBID",0,"NFKBID"
"ADAMTS14",0,"ADAMTS14"
"CREB3L1",0,"CREB3L1"
"CSMD2",0,"CSMD2"
"SERPINH1",0,"SERPINH1"
"KIAA1755",0,"KIAA1755"
"ENO1",0,"ENO1"
"CD74",0.00025,"CD74"
"PLOD2",0.000166666666666667,"PLOD2"
"B3GNT5",2e-04,"B3GNT5"
"IGLV7.43",0,"IGLV7.43"
"IL1B",-0.000333333333333333,"IL1B"
"TMEM59L",0,"TMEM59L"
"PPP1R16B",0,"PPP1R16B"
"IGHA1",0,"IGHA1"
"ITGB8",0,"ITGB8"
"MDK",0,"MDK"
"ARHGAP9",0,"ARHGAP9"
"ITGB5",0,"ITGB5"
"ANTXR1",0,"ANTXR1"
"RHBDF2",-0.00025,"RHBDF2"
"FGFRL1",0,"FGFRL1"
"OLFM2",0,"OLFM2"
"MZB1",0.000333333333333333,"MZB1"
"C5AR1",0.00025,"C5AR1"
"NCF2",0,"NCF2"
"TNFAIP3",0,"TNFAIP3"
"FBLN1",0,"FBLN1"
"TNFRSF12A",0,"TNFRSF12A"
"RASGRP4",0,"RASGRP4"
"CD83",0.000583333333333333,"CD83"
"HLA.DRB5",0,"HLA.DRB5"
"PDGFB",0,"PDGFB"
"CERCAM",0,"CERCAM"
"HK3",0,"HK3"
"KLF4",0,"KLF4"
"ITM2C",0,"ITM2C"
"NBEAL2",0,"NBEAL2"
"CSPG4",0,"CSPG4"
"TNFRSF1B",0.000333333333333333,"TNFRSF1B"
"IGHV4.39",0,"IGHV4.39"
"TGFB3",0,"TGFB3"
"AGT",0,"AGT"
"GAS1",0,"GAS1"
"IGLC2",0,"IGLC2"
"ARRB2",0,"ARRB2"
"ADRB2",0,"ADRB2"
"ABI3BP",0,"ABI3BP"
"COL8A2",0,"COL8A2"
"BTG2",0,"BTG2"
"DAPK1",0,"DAPK1"
"IGHV1.18",0.00025,"IGHV1.18"
"AHNAK2",0.000333333333333333,"AHNAK2"
"CHST6",0.000166666666666667,"CHST6"
"SULF1",0,"SULF1"
"VIPR1",0,"VIPR1"
"IGLV2.11",0,"IGLV2.11"
"CTHRC1",0.000866666666666667,"CTHRC1"
"SDC2",0.00025,"SDC2"
"NID2",0,"NID2"
"IGLL5",0,"IGLL5"
"ANKH",0,"ANKH"
"PER1",0.000583333333333333,"PER1"
"IGLV10.54",0,"IGLV10.54"
"MYO15B",0,"MYO15B"
"KLF2",0,"KLF2"
"STMN2",0.000333333333333333,"STMN2"
"COL9A3",-0.000333333333333333,"COL9A3"
"ZFP36L2",0,"ZFP36L2"
"CCDC88B",0,"CCDC88B"
"MT.CO3",0.000333333333333333,"MT.CO3"
"TNFRSF14",0.000333333333333333,"TNFRSF14"
"MYO7A",0,"MYO7A"
"ETS2",0.00025,"ETS2"
"FOS",0,"FOS"
"DLL4",0,"DLL4"
"SEZ6L2",0,"SEZ6L2"
"IGKV1.17",0,"IGKV1.17"
"CCDC80",0,"CCDC80"
"RASGRP2",0,"RASGRP2"
"MFAP2",0,"MFAP2"
"MYO1D",0,"MYO1D"
"EFEMP2",0,"EFEMP2"
"COL6A3",0.000666666666666667,"COL6A3"
"MATN3",0,"MATN3"
"COL1A2",2e-04,"COL1A2"
"ATG2A",0.00108333333333333,"ATG2A"
"PKM",0,"PKM"
"P3H4",0,"P3H4"
"IER2",0,"IER2"
"OSBP2",0,"OSBP2"
"VWF",0,"VWF"
"MT.RNR2",0,"MT.RNR2"
"ADGRG1",0,"ADGRG1"
"GAPDH",0,"GAPDH"
"EFEMP1",0,"EFEMP1"
"CDKN1A",0,"CDKN1A"
"PMAIP1",0,"PMAIP1"
"CA4",0,"CA4"
"HAPLN1",0,"HAPLN1"
"THBS3",0,"THBS3"
"CEBPD",0,"CEBPD"
"THBD",0,"THBD"
"RNF122",0,"RNF122"
"IGHV4.34",0.00045,"IGHV4.34"
"PDLIM4",0,"PDLIM4"
"IGKV1.5",0,"IGKV1.5"
"CST7",0,"CST7"
"TWIST1",0,"TWIST1"
"PAG1",0,"PAG1"
"DIO2",0,"DIO2"
"TENT5C",0,"TENT5C"
"NIBAN2",0.000333333333333333,"NIBAN2"
"IGHV3.73",0,"IGHV3.73"
"TF",0.000166666666666667,"TF"
"ARHGAP27",0.000333333333333333,"ARHGAP27"
"ZBTB16",0,"ZBTB16"
"C4orf48",0,"C4orf48"
"TPI1",0,"TPI1"
"JUN",0,"JUN"
"TMC8",0,"TMC8"
"SLC11A1",0,"SLC11A1"
"IGDCC4",0,"IGDCC4"
"PPP1R15A",0,"PPP1R15A"
"CD300E",0,"CD300E"
"SIGLEC1",0,"SIGLEC1"
"CASZ1",0.000666666666666667,"CASZ1"
"GOLM1",0.000333333333333333,"GOLM1"
"ANXA2",0.000333333333333333,"ANXA2"
"TAMALIN",0.000333333333333333,"TAMALIN"
"CD248",0.000333333333333333,"CD248"
"FMNL1",0,"FMNL1"
"IGHV3.21",0,"IGHV3.21"
"GBP4",0,"GBP4"
"ENSG00000231881",0,"ENSG00000231881"
"EPOR",0,"EPOR"
"PTPRF",0.000333333333333333,"PTPRF"
"KIRREL1",0,"KIRREL1"
"TMEM196",0,"TMEM196"
"TNFRSF11B",0,"TNFRSF11B"
"TMED3",0.000916666666666667,"TMED3"
"S100A1",0,"S100A1"
"GDF5",0.00025,"GDF5"
"VSTM4",0,"VSTM4"
"ECM1",0,"ECM1"
"CYP4F12",0,"CYP4F12"
"IGHV3.72",0,"IGHV3.72"
"PDE4B",0,"PDE4B"
"ARHGAP4",0,"ARHGAP4"
"ATF3",0,"ATF3"
"IGLV9.49",0,"IGLV9.49"
"FCGR2A",0.000333333333333333,"FCGR2A"
"TNFRSF21",0,"TNFRSF21"
"TMC6",0,"TMC6"
"GPC6",0,"GPC6"
"IGKV4.1",0,"IGKV4.1"
"MYO1G",0,"MYO1G"
"FAM117A",0,"FAM117A"
"IGKV2.24",0.00025,"IGKV2.24"
"C1S",0,"C1S"
"OSM",0,"OSM"
"FZD1",0,"FZD1"
"SCNN1B",0,"SCNN1B"
"FOSB",0,"FOSB"
"ADM",0,"ADM"
"PHLDA3",0,"PHLDA3"
"ROR2",0,"ROR2"
"SOX11",0,"SOX11"
"HLA.DPA1",0,"HLA.DPA1"
"ENSG00000280287",0,"ENSG00000280287"
"EBI3",0,"EBI3"
"PRRX1",0,"PRRX1"
"HIF3A",0,"HIF3A"
"IGHV3.11",0,"IGHV3.11"
"ST6GAL2",0,"ST6GAL2"
"SLPI",0,"SLPI"
"SH3PXD2A",0,"SH3PXD2A"
"ADRA2B",0,"ADRA2B"
"MKNK2",0.000333333333333333,"MKNK2"
"IGLV5.45",0,"IGLV5.45"
"DERL3",-0.00025,"DERL3"
"VWA1",0,"VWA1"
"TPBG",0,"TPBG"
"SAMD11",0,"SAMD11"
"CD72",0,"CD72"
"TNXB",0,"TNXB"
"NR4A1",0,"NR4A1"
"IGLV6.57",0,"IGLV6.57"
"PCOLCE2",0,"PCOLCE2"
"SHANK3",0,"SHANK3"
"IGLV7.46",0,"IGLV7.46"
"SHISAL1",0,"SHISAL1"
"STAB1",0,"STAB1"
"SLC22A31",0,"SLC22A31"
"LOXL1",0,"LOXL1"
"DGKI",0.000733333333333333,"DGKI"
"SPN",-0.000333333333333333,"SPN"
"MDFI",4e-04,"MDFI"
"CCL4L2",0,"CCL4L2"
"SSC5D",0.00025,"SSC5D"
"JUND",0,"JUND"
"ARSI",0.000333333333333333,"ARSI"
"PALLD",0,"PALLD"
"TMCO3",0,"TMCO3"
"NGEF",0,"NGEF"
"ARHGAP45",0,"ARHGAP45"
"PDE2A",0,"PDE2A"
"COL1A1",0,"COL1A1"
"DNASE1L3",0,"DNASE1L3"
"P2RX1",0,"P2RX1"
"HP",-5e-04,"HP"
"SDC1",0,"SDC1"
"WNT9A",0,"WNT9A"
"CIITA",0,"CIITA"
"MT.TI",0,"MT.TI"
"CBFA2T3",0,"CBFA2T3"
"IGKV1.6",0,"IGKV1.6"
"CD163",0,"CD163"
"FAT1",0,"FAT1"
"CA9",0,"CA9"
"MYO1F",0,"MYO1F"
"FGR",0.000333333333333333,"FGR"
"TRPS1",2e-04,"TRPS1"
"NR2F1",0,"NR2F1"
"SH3PXD2B",0,"SH3PXD2B"
"RYR1",0,"RYR1"
"ITGA5",0,"ITGA5"
"CCL24",0,"CCL24"
"NKG7",0,"NKG7"
"CCL4",0,"CCL4"
"RCN2",0.000833333333333333,"RCN2"
"IGKV3.20",0,"IGKV3.20"
"SOCS1",0,"SOCS1"
"CEACAM4",0,"CEACAM4"
"CD300LG",0.00025,"CD300LG"
"LRP5",-0.00025,"LRP5"
"IGHV3.15",0,"IGHV3.15"
"THBS2",-0.000166666666666667,"THBS2"
"MXRA7",0.00025,"MXRA7"
"MFGE8",5e-04,"MFGE8"
"MEGF6",0,"MEGF6"
"COL14A1",0,"COL14A1"
"IGHV4.59",0,"IGHV4.59"
"TRIB1",0,"TRIB1"
"CD99",0,"CD99"
"SH3TC1",0.00075,"SH3TC1"
"ANGPTL2",0,"ANGPTL2"
"BMP8B",-2e-04,"BMP8B"
"HLA.DRA",0,"HLA.DRA"
"TIAM2",0,"TIAM2"
"COMP",0,"COMP"
"PTMS",0,"PTMS"
"MARVELD1",0.00025,"MARVELD1"
"PDK4",0,"PDK4"
"NRROS",0,"NRROS"
"SELENOM",0,"SELENOM"
"HLA.E",0,"HLA.E"
"PTK7",0.00025,"PTK7"
"RAPGEF3",0,"RAPGEF3"
"AOPEP",0,"AOPEP"
"ADCY2",0.000333333333333333,"ADCY2"
"CCN4",0,"CCN4"
"PRF1",0,"PRF1"
"FAM30A",0,"FAM30A"
"RIN3",0.00025,"RIN3"
"ABLIM1",0,"ABLIM1"
"GGT5",0,"GGT5"
"CYTH1",0.00025,"CYTH1"
"FMOD",0,"FMOD"
"IGHV5.51",0,"IGHV5.51"
"RARG",0.00103333333333333,"RARG"
"FAM53B",0,"FAM53B"
"SHISA9",0,"SHISA9"
"PAPPA",0.00025,"PAPPA"
"NCF1",0,"NCF1"
"CXCL14",0,"CXCL14"
"ADAMTS5",0,"ADAMTS5"
"RPS6KA1",0,"RPS6KA1"
"NT5DC2",0,"NT5DC2"
"SH2B3",0,"SH2B3"
"MAN2A2",-0.00025,"MAN2A2"
"TMED9",0,"TMED9"
"ERFE",0,"ERFE"
"IGLV1.51",0.000333333333333333,"IGLV1.51"
"C14orf132",0,"C14orf132"
"EMB",0,"EMB"
"UNC13D",0,"UNC13D"
"CHTF18",0,"CHTF18"
"LZTS1",0,"LZTS1"
"LAG3",0,"LAG3"
"CNTNAP2",0,"CNTNAP2"
"PELI1",0,"PELI1"
"IGHV6.1",0,"IGHV6.1"
"IGKV3D.11",0,"IGKV3D.11"
"SRM",0,"SRM"
"COL8A1",0,"COL8A1"
"MAGED2",0,"MAGED2"
"EGFL7",0,"EGFL7"
"RAB44",0,"RAB44"
"SLC38A3",2e-04,"SLC38A3"
"RALGDS",0,"RALGDS"
"SLC25A25",0,"SLC25A25"
"ARHGEF19",-0.000333333333333333,"ARHGEF19"
"MT.RNR1",0.000666666666666667,"MT.RNR1"
"NLRC5",0,"NLRC5"
"TAF1C",0.00025,"TAF1C"
"IL1R1",0,"IL1R1"
"ICAM2",0,"ICAM2"
"TGFBI",0,"TGFBI"
"ADORA1",0,"ADORA1"
"CELF1",0,"CELF1"
"PHACTR1",0,"PHACTR1"
"ADPGK.AS1",0,"ADPGK.AS1"
"TET3",0.000333333333333333,"TET3"
"IGHV3.30",0,"IGHV3.30"
"TINF2",0.000666666666666667,"TINF2"
"CDO1",0.001,"CDO1"
"SYK",0,"SYK"
"RNF149",0,"RNF149"
"VCL",0,"VCL"
"FGD4",0,"FGD4"
"ICAM4",-0.00025,"ICAM4"
"ACAN",0.00025,"ACAN"
"TM4SF19",5e-04,"TM4SF19"
"PFKFB3",0,"PFKFB3"
"HLA.DRB1",0,"HLA.DRB1"
"WFS1",0,"WFS1"
"RBFOX2",0,"RBFOX2"
"C1orf122",0.000583333333333333,"C1orf122"
"CEMIP2",0,"CEMIP2"
"PRELP",5e-04,"PRELP"
"ACTA2",0,"ACTA2"
"HS3ST1",0,"HS3ST1"
"CYB5D1",0,"CYB5D1"
"CYB5R2",0,"CYB5R2"
"TUBB3",0,"TUBB3"
"BAIAP2L1",0,"BAIAP2L1"
"GRK2",0,"GRK2"
"CYP26B1",0,"CYP26B1"
"CHST3",0,"CHST3"
"COL9A2",0,"COL9A2"
"LNPK",0,"LNPK"
"DOCK2",0,"DOCK2"
"FGFBP2",0.000333333333333333,"FGFBP2"
"BST2",0,"BST2"
"MAN1A1",0.000333333333333333,"MAN1A1"
"S100A6",0,"S100A6"
"MBD6",0,"MBD6"
"SLC36A1",0,"SLC36A1"
"NCKAP1L",0,"NCKAP1L"
"HMCN2",0,"HMCN2"
"LOXL3",0,"LOXL3"
"HLA.DQA1",0,"HLA.DQA1"
"IGLV2.8",-0.00025,"IGLV2.8"
"HMGB2",0,"HMGB2"
"GCH1",0.000666666666666667,"GCH1"
"SRPX2",0,"SRPX2"
"ABTB1",0,"ABTB1"
"DENND4B",0,"DENND4B"
"PIK3R5",0,"PIK3R5"
"APOE",0,"APOE"
"ROBO4",0,"ROBO4"
"DEPP1",0,"DEPP1"
"TNFAIP2",0.000833333333333333,"TNFAIP2"
"P4HA3",0.001,"P4HA3"
"XYLT1",0,"XYLT1"
"HSF1",0.000333333333333333,"HSF1"
"H2AX",0,"H2AX"
"PKD1P3",-0.000333333333333333,"PKD1P3"
"RCN1",0,"RCN1"
"OTUD1",0,"OTUD1"
"TRPM2",0,"TRPM2"
"C1QC",0,"C1QC"
"NUP210",0,"NUP210"
"HID1",0,"HID1"
"STARD5",0,"STARD5"
"NAPSB",0,"NAPSB"
"TSPAN11",-0.00025,"TSPAN11"
"CDK2AP1",0,"CDK2AP1"
"CEBPB.AS1",0,"CEBPB.AS1"
"REC8",0,"REC8"
"FLT4",0,"FLT4"
"BARX1",0,"BARX1"
"NR4A2",0,"NR4A2"
"RIPOR2",0,"RIPOR2"
"NBL1",0.000333333333333333,"NBL1"
"SEC24D",0,"SEC24D"
"AGAP2",0,"AGAP2"
"C1QB",0,"C1QB"
"CORO1A",0,"CORO1A"
"TBC1D9",0,"TBC1D9"
"ITGB3",0,"ITGB3"
"IGLV1.47",0,"IGLV1.47"
"NTNG2",-5e-04,"NTNG2"
"ITGAL",0,"ITGAL"
"CITED2",0,"CITED2"
"CXCR4",0,"CXCR4"
"CLEC3B",0,"CLEC3B"
"GLIS1",2e-04,"GLIS1"
"TENM2",0,"TENM2"
"CH25H",0,"CH25H"
"CA2",0.000333333333333333,"CA2"
"PSD4",0,"PSD4"
"MX1",0,"MX1"
"HDAC7",0,"HDAC7"
"BPNT2",-5e-04,"BPNT2"
"IKZF1",0,"IKZF1"
"PLCB2",0,"PLCB2"
"SCN4A",0,"SCN4A"
"SORCS2",0,"SORCS2"
"LOX",0.00025,"LOX"
"ROBO1",0,"ROBO1"
"FAM155A",0,"FAM155A"
"NCF1C",0,"NCF1C"
"PLIN3",0,"PLIN3"
"ROR1",0,"ROR1"
"EGR3",0,"EGR3"
"ENSG00000279925",0.000833333333333333,"ENSG00000279925"
"COL10A1",0,"COL10A1"
"HOXD1",0,"HOXD1"
"TEAD3",0,"TEAD3"
"ENSG00000232748",0,"ENSG00000232748"
"SEC14L4",0,"SEC14L4"
"HS3ST2",-4e-04,"HS3ST2"
"PEAR1",0,"PEAR1"
"RASA2",0,"RASA2"
"MT.ATP6",0,"MT.ATP6"
"STC1",0,"STC1"
"PRDM1",0,"PRDM1"
"FGFR2",0,"FGFR2"
"ISLR",0,"ISLR"
"NKD1",0,"NKD1"
"SULF2",0,"SULF2"
"DLL1",0,"DLL1"
"AKNA",0,"AKNA"
"SLC37A2",0,"SLC37A2"
"S1PR3",0,"S1PR3"
"HERPUD1",0,"HERPUD1"
"RUNX3",0,"RUNX3"
"ITPKB",0,"ITPKB"
"PODNL1",0,"PODNL1"
"CRABP1",0,"CRABP1"
"NFKBIA",0,"NFKBIA"
"CSRNP1",0,"CSRNP1"
"MYPN",0,"MYPN"
"PRKCH",0,"PRKCH"
"SLC2A10",-0.00025,"SLC2A10"
"P4HB",0,"P4HB"
"SLC6A6",0,"SLC6A6"
"LAMA5",0,"LAMA5"
"DGKE",0,"DGKE"
"RALGAPA1",0,"RALGAPA1"
"ANKS1A",0.00025,"ANKS1A"
"IGSF3",0,"IGSF3"
"NPR3",0.000833333333333333,"NPR3"
"PKP1",-2e-04,"PKP1"
"ENSG00000272512",0,"ENSG00000272512"
"RRBP1",0,"RRBP1"
"HES1",0,"HES1"
"TRMT44",0,"TRMT44"
"RTKN",0,"RTKN"
"IGKV2D.29",0,"IGKV2D.29"
"HLA.F",0.00025,"HLA.F"
"SIK1B",0.00025,"SIK1B"
"NOTCH4",0,"NOTCH4"
"MT.ND6",0.000333333333333333,"MT.ND6"
"ALOX5",2e-04,"ALOX5"
"SPP1",0,"SPP1"
"SNAI2",0,"SNAI2"
"MT.ND4",4e-04,"MT.ND4"
"HBEGF",0,"HBEGF"
"SYTL1",0.00025,"SYTL1"
"FBXL6",5e-04,"FBXL6"
"CXCL3",0,"CXCL3"
"S100A11",0,"S100A11"
"ISM1",0.000333333333333333,"ISM1"
"C15orf39",0,"C15orf39"
"VAV1",0,"VAV1"
"TNFRSF4",0,"TNFRSF4"
"SNN",0.000333333333333333,"SNN"
"ZAP70",0,"ZAP70"
"GNS",0,"GNS"
"ADA2",-0.00025,"ADA2"
"DDR2",0,"DDR2"
"CUL4A",0.00025,"CUL4A"
"ELFN1",0.000333333333333333,"ELFN1"
"FAM114A1",0,"FAM114A1"
"MCHR1",0,"MCHR1"
"CGREF1",0,"CGREF1"
"EGR1",0,"EGR1"
"ZNF276",0,"ZNF276"
"CAMK2G",0,"CAMK2G"
"BPIFB4",0,"BPIFB4"
"PIM2",0,"PIM2"
"IKBKB",0,"IKBKB"
"S1PR4",0,"S1PR4"
"GJC2",0,"GJC2"
"RAB34",0.000583333333333333,"RAB34"
"HEXD",-0.000333333333333333,"HEXD"
"H4C5",0,"H4C5"
"COL9A1",2e-04,"COL9A1"
"LAPTM5",0,"LAPTM5"
"SGCB",0.000733333333333333,"SGCB"
"IRF1",0,"IRF1"
"CLEC11A",0,"CLEC11A"
"WNT5A",0,"WNT5A"
"ALDH18A1",-0.00025,"ALDH18A1"
"MAFF",0,"MAFF"
"PLEKHA6",0,"PLEKHA6"
"MMP11",0,"MMP11"
"FAM189A2",0,"FAM189A2"
"TAL1",0,"TAL1"
"P3H3",0.00025,"P3H3"
"CCND3",0,"CCND3"
"MGLL",0,"MGLL"
"ISG20",0,"ISG20"
"CFD",0,"CFD"
"SUSD5",0,"SUSD5"
"ENSG00000215146",0.000333333333333333,"ENSG00000215146"
"IGLV1.40",0,"IGLV1.40"
"FCRL5",0,"FCRL5"
"AKAP13",0,"AKAP13"
"UNC5B",0,"UNC5B"
"CLDN5",0,"CLDN5"
"DUSP2",0.00025,"DUSP2"
"MAP3K8",0,"MAP3K8"
"IGHA2",0,"IGHA2"
"ITIH6",4e-04,"ITIH6"
"JARID2",0.00108333333333333,"JARID2"
"MYC",0,"MYC"
"ITGAX",-0.000333333333333333,"ITGAX"
"LILRB1",0.00025,"LILRB1"
"ALOX5AP",0,"ALOX5AP"
"ITGB2",0,"ITGB2"
"CCR1",0,"CCR1"
"PDGFRB",0,"PDGFRB"
"IGFBP6",0,"IGFBP6"
"WNT7B",0,"WNT7B"
"SP7",0,"SP7"
"UQCRC1",0,"UQCRC1"
"WWC1",0,"WWC1"
"PC",0,"PC"
"MT.ND3",0.00025,"MT.ND3"
"MT.ND1",0,"MT.ND1"
"ATG16L2",0,"ATG16L2"
"NFATC4",0,"NFATC4"
"ITGA8",0,"ITGA8"
"FADS2",0,"FADS2"
"CALD1",-0.00025,"CALD1"
"USP15",0,"USP15"
"C1QL1",0.000333333333333333,"C1QL1"
"B4GALNT3",0,"B4GALNT3"
"MYLK",0.000583333333333333,"MYLK"
"TESC",0,"TESC"
"PTPRJ",0,"PTPRJ"
"LINC01348",0,"LINC01348"
"TNFRSF25",0,"TNFRSF25"
"NLRC3",0,"NLRC3"
"CD109",0,"CD109"
"MARCKS",-2e-04,"MARCKS"
"DOCK8",0,"DOCK8"
"TBC1D10C",0,"TBC1D10C"
"GPX7",0,"GPX7"
"SLCO4A1",2e-04,"SLCO4A1"
"LINC02690",0,"LINC02690"
"MAP3K12",0,"MAP3K12"
"STX4",0,"STX4"
"CD7",0,"CD7"
"SNRPC",0,"SNRPC"
"RHOC",0,"RHOC"
"ZNRF2",0,"ZNRF2"
"CDH11",0,"CDH11"
"USP36",0.00133333333333333,"USP36"
"CD63",0.00025,"CD63"
"SLC27A4",0,"SLC27A4"
"LINC00632",0,"LINC00632"
"UBALD1",0,"UBALD1"
"PTGER4",0.000833333333333333,"PTGER4"
"GJA1",0,"GJA1"
"CCNH",0,"CCNH"
"IL1R2",0,"IL1R2"
"GFI1",0,"GFI1"
"METRN",0,"METRN"
"ENSG00000273151",0,"ENSG00000273151"
"NEBL",0,"NEBL"
"PLEKHG2",0,"PLEKHG2"
"ADGRE5",0,"ADGRE5"
"CKAP4",0,"CKAP4"
"LENG8",0.00075,"LENG8"
"HELZ2",0,"HELZ2"
"SLCO2A1",0.00025,"SLCO2A1"
"IGKV1.27",0,"IGKV1.27"
"ITGA9.AS1",0.000333333333333333,"ITGA9.AS1"
"P3H2",0,"P3H2"
"GAB1",0,"GAB1"
"PART1",0.00025,"PART1"
"SNX17",0,"SNX17"
"HLA.C",0,"HLA.C"
"BEST4",0,"BEST4"
"MYO1B",0.000333333333333333,"MYO1B"
"LAIR1",0,"LAIR1"
"AMDHD2",0,"AMDHD2"
"VSIR",0,"VSIR"
"HCFC1R1",0,"HCFC1R1"
"NTNG1",0,"NTNG1"
"MAN2C1",2e-04,"MAN2C1"
"DUSP6",0,"DUSP6"
"ATP6V0A1",0,"ATP6V0A1"
"TSPOAP1",0,"TSPOAP1"
"SLC15A3",0,"SLC15A3"
"KAT2A",0,"KAT2A"
"KIF26B",0,"KIF26B"
"ENSG00000273162",0,"ENSG00000273162"
"DBN1",0,"DBN1"
"BHLHA15",0,"BHLHA15"
"SGCD",0,"SGCD"
"JUNB",-0.000333333333333333,"JUNB"
"CDCA4",0.00025,"CDCA4"
"CTSS",0,"CTSS"
"GREM1",0,"GREM1"
"IGKV1.16",0,"IGKV1.16"
"SMARCA1",0,"SMARCA1"
"FZD10",0,"FZD10"
"SEPTIN8",0,"SEPTIN8"
"YBX3",0,"YBX3"
"GALNT16",0,"GALNT16"
"ARID5A",0,"ARID5A"
"PMP22",0,"PMP22"
"ENSG00000285184",0.000333333333333333,"ENSG00000285184"
"PDIA4",0,"PDIA4"
"MATN4",0,"MATN4"
"IGHV1.46",0,"IGHV1.46"
"ENSG00000260517",0,"ENSG00000260517"
"PLSCR1",0,"PLSCR1"
"IRS1",0,"IRS1"
"SPRED2",0,"SPRED2"
"MEX3A",0,"MEX3A"
"SCARA5",0.000333333333333333,"SCARA5"
"DGKD",0,"DGKD"
"YIF1A",0,"YIF1A"
"PLEK",0,"PLEK"
"FAM193B",0,"FAM193B"
"HOXC6",0,"HOXC6"
"PLCXD1",0,"PLCXD1"
"RHOB",0,"RHOB"
"EREG",0,"EREG"
"RHPN1",0,"RHPN1"
"CAPG",0,"CAPG"
"PTH1R",0,"PTH1R"
"INPP5D",0,"INPP5D"
"IQCN",0,"IQCN"
"WSCD1",0,"WSCD1"
"ENSG00000279030",0,"ENSG00000279030"
"CXCL2",0,"CXCL2"
"SOX9",0,"SOX9"
"C14orf119",0,"C14orf119"
"FAM171A1",0,"FAM171A1"
"FKBP5",0,"FKBP5"
"POGLUT3",0,"POGLUT3"
"C1QTNF8",5e-04,"C1QTNF8"
"GLI3",0,"GLI3"
"CCDC88C",0,"CCDC88C"
"SOD3",0,"SOD3"
"STEAP3",0,"STEAP3"
"NFKBIE",0,"NFKBIE"
"PRICKLE2",0,"PRICKLE2"
"ASTL",0,"ASTL"
"TSR3",0,"TSR3"
"MT.TY",0.00025,"MT.TY"
"FASN",0,"FASN"
"SYS1.DBNDD2",0,"SYS1.DBNDD2"
"CRTC2",0,"CRTC2"
"SYT7",0,"SYT7"
"ENSG00000286508",0,"ENSG00000286508"
"NFKB1",0,"NFKB1"
"SFSWAP",0,"SFSWAP"
"MRGPRF",0,"MRGPRF"
"CYP27C1",0,"CYP27C1"
"CPZ",0,"CPZ"
"LRP1",0,"LRP1"
"C16orf54",0,"C16orf54"
"C1QTNF6",-5e-04,"C1QTNF6"
"KBTBD11",0,"KBTBD11"
"STXBP2",0,"STXBP2"
"LCOR",0,"LCOR"
"GADD45B",0,"GADD45B"
"ENSG00000280219",0.00025,"ENSG00000280219"
"AP1G2",0,"AP1G2"
"FBXO3",2e-04,"FBXO3"
"SPOCK1",0,"SPOCK1"
"PALD1",0,"PALD1"
"MAP3K11",0.000333333333333333,"MAP3K11"
"SMAP2",0,"SMAP2"
"CD244",0.000333333333333333,"CD244"
"SNX5",0,"SNX5"
"CLN8",0,"CLN8"
"ENSG00000280161",0,"ENSG00000280161"
"ELF4",0,"ELF4"
"MT.TL2",0,"MT.TL2"
"PTPN6",0,"PTPN6"
"ARHGAP6",0,"ARHGAP6"
"LYN",0,"LYN"
"ISM2",0,"ISM2"
"PPIB",0,"PPIB"
"YPEL5",0,"YPEL5"
"SOX8",0,"SOX8"
"PAPSS1",0,"PAPSS1"
"TPST1",0,"TPST1"
"MT1E",0,"MT1E"
"ENSG00000258539",0,"ENSG00000258539"
"MLC1",0,"MLC1"
"CBX7",0,"CBX7"
"WNT16",0,"WNT16"
"SRSF2",0,"SRSF2"
"HSD11B2",0,"HSD11B2"
"NFKB2",0,"NFKB2"
"LINGO1",0.00025,"LINGO1"
"CX3CL1",0,"CX3CL1"
"MYL6B",0,"MYL6B"
"MAFB",0,"MAFB"
"LRRC29",0,"LRRC29"
"MT1F",0,"MT1F"
"SV2B",0,"SV2B"
"PKNOX1",0,"PKNOX1"
"TCN2",0,"TCN2"
"GIMAP7",0,"GIMAP7"
"MPZL1",0,"MPZL1"
"ARMC5",0.00025,"ARMC5"
"CYRIB",0,"CYRIB"
"ENSG00000250771",0.00025,"ENSG00000250771"
"KCNE1",0,"KCNE1"
"IGLV2.18",-0.000333333333333333,"IGLV2.18"
"ST3GAL4",0.000333333333333333,"ST3GAL4"
"LY6H",0,"LY6H"
"SPARCL1",0,"SPARCL1"
"SLC7A10",0.000666666666666667,"SLC7A10"
"B4GALT2",0.000333333333333333,"B4GALT2"
"OMD",0.00106666666666667,"OMD"
"NME4",0,"NME4"
"CHKA",0,"CHKA"
"ARHGEF1",0.000333333333333333,"ARHGEF1"
"LHFPL3.AS1",0,"LHFPL3.AS1"
"RBM17",0,"RBM17"
"GIPC1",0,"GIPC1"
"C11orf24",0,"C11orf24"
"NT5E",0.00025,"NT5E"
"IGLV8.61",0,"IGLV8.61"
"RASSF5",0,"RASSF5"
"CALU",0,"CALU"
"LACTB",0,"LACTB"
"CXCL12",0,"CXCL12"
"DNER",0,"DNER"
"CMTR2",0.00025,"CMTR2"
"TMEM88",0,"TMEM88"
"GTPBP1",0,"GTPBP1"
"ARHGAP25",0,"ARHGAP25"
"PIK3CD",0,"PIK3CD"
"LUCAT1",0,"LUCAT1"
"IRF7",0,"IRF7"
"KIF21B",0,"KIF21B"
"ENSG00000279217",0.000333333333333333,"ENSG00000279217"
"PRKCA",5e-04,"PRKCA"
"ABHD17A",0,"ABHD17A"
"CCNL1",0,"CCNL1"
"ENSG00000279048",7e-04,"ENSG00000279048"
"LGALS3BP",0,"LGALS3BP"
"RTEL1P1",0,"RTEL1P1"
"ENSG00000261449",0,"ENSG00000261449"
"LILRA1",0,"LILRA1"
"SCNN1D",0,"SCNN1D"
"RNF144B",0,"RNF144B"
"TNFSF10",0,"TNFSF10"
"REEP3",0,"REEP3"
"CLVS2",0,"CLVS2"
"ICAM5",0,"ICAM5"
"CXCL1",0,"CXCL1"
"SFRP4",0,"SFRP4"
"LAMB3",0,"LAMB3"
"TG",0,"TG"
"ENSG00000285693",0.00133333333333333,"ENSG00000285693"
"LUM",0.000333333333333333,"LUM"
"MT.CYB",0,"MT.CYB"
"ZFAND5",-2e-04,"ZFAND5"
"SFPQ",0,"SFPQ"
"PHETA2",0,"PHETA2"
"MGP",0,"MGP"
"MT.TM",0.00045,"MT.TM"
"SLC39A7",0,"SLC39A7"
"LILRA2",0,"LILRA2"
"KIF1B",0,"KIF1B"
"CNN2",0,"CNN2"
"RNF168",0.000333333333333333,"RNF168"
"ASPDH",0,"ASPDH"
"ZNF474",0.00025,"ZNF474"
"TAGAP",0,"TAGAP"
"COLGALT2",0.000333333333333333,"COLGALT2"
"NPM3",0,"NPM3"
"TIMP2",0,"TIMP2"
"CACNA1B",0,"CACNA1B"
"ENSG00000253704",0,"ENSG00000253704"
"GLMP",0,"GLMP"
"FHL2",0,"FHL2"
"ZNF830",0.000333333333333333,"ZNF830"
"ADAMTSL2",0,"ADAMTSL2"
"EVA1B",0,"EVA1B"
"MEI1",0,"MEI1"
"SLCO2B1",0,"SLCO2B1"
"HLA.DPB1",0,"HLA.DPB1"
"CTTN",0,"CTTN"
"TEDC1",0,"TEDC1"
"JUP",0,"JUP"
"B4GALNT1",0.00075,"B4GALNT1"
"SMG1",0,"SMG1"
"ENSG00000237513",0.00025,"ENSG00000237513"
"RAB23",0,"RAB23"
"CMAHP",0,"CMAHP"
"SPRY1",0,"SPRY1"
"CDK14",0,"CDK14"
"SIPA1L2",0,"SIPA1L2"
"MMP19",0,"MMP19"
"ENSG00000280254",0,"ENSG00000280254"
"LRP12",0,"LRP12"
"FBRSL1",0.000333333333333333,"FBRSL1"
"SPOCD1",0,"SPOCD1"
"TPM4",0,"TPM4"
"SMCHD1",0,"SMCHD1"
"IGKV3.11",0,"IGKV3.11"
"GP9",-4e-04,"GP9"
"KLF6",0,"KLF6"
"PGK1",0,"PGK1"
"CERS4",0,"CERS4"
"RGS16",0,"RGS16"
"DUS3L",2e-04,"DUS3L"
"SLC9A3R1",0.00025,"SLC9A3R1"
"XPA",0,"XPA"
"ENSG00000258500",0,"ENSG00000258500"
"PELI2",0,"PELI2"
"SRRM1",0,"SRRM1"
"KCNA3",0,"KCNA3"
"PPFIA4",0,"PPFIA4"
"SLC5A3",0,"SLC5A3"
"MYO1A",0,"MYO1A"
"TBC1D16",0,"TBC1D16"
"PDE3A",0,"PDE3A"
"SAMSN1",0,"SAMSN1"
"MYLIP",0,"MYLIP"
"TMEM169",0,"TMEM169"
"GPR161",0,"GPR161"
"NOXA1",0,"NOXA1"
"ZBP1",2e-04,"ZBP1"
"AP1B1",0,"AP1B1"
"ENSG00000260757",0,"ENSG00000260757"
"ENSG00000261327",0,"ENSG00000261327"
"NLRP1",0,"NLRP1"
"NDRG2",0,"NDRG2"
"SLC25A28",0,"SLC25A28"
"ADPRHL1",0,"ADPRHL1"
"OS9",0,"OS9"
"ENSG00000269318",0,"ENSG00000269318"
"IQSEC3",0,"IQSEC3"
"TRABD",0,"TRABD"
"CSF2RB",0,"CSF2RB"
"LINC01504",0,"LINC01504"
"NINJ1",0,"NINJ1"
"IFRD1",0,"IFRD1"
"KCNK6",0.000666666666666667,"KCNK6"
"TSPAN33",0,"TSPAN33"
"STUM",0,"STUM"
"IGKV1D.13",0,"IGKV1D.13"
"EFNB3",0.000333333333333333,"EFNB3"
"TAFA5",0,"TAFA5"
"GOLGA2",0,"GOLGA2"
"CCL14",0,"CCL14"
"SGO1",0,"SGO1"
"ENPP1",0.00025,"ENPP1"
"MAIP1",0,"MAIP1"
"CHI3L2",0.000583333333333333,"CHI3L2"
"SNAPC2",0,"SNAPC2"
"COX18",0,"COX18"
"BID",0,"BID"
"NPAS2",0,"NPAS2"
"PRR7",0,"PRR7"
"PECAM1",0,"PECAM1"
"IGHM",0,"IGHM"
"PPDPF",0,"PPDPF"
"NFASC",0,"NFASC"
"ENSG00000280222",0,"ENSG00000280222"
"IGHV3.66",0,"IGHV3.66"
"AKAP9",0,"AKAP9"
"HAX1",0,"HAX1"
"PPP1CA",0,"PPP1CA"
"GYG2",0,"GYG2"
"ALG1",0,"ALG1"
"YKT6",0,"YKT6"
"TCF15",0,"TCF15"
"CELF2",0,"CELF2"
"UBE2D1",0,"UBE2D1"
"P2RY8",0,"P2RY8"
"GPR132",0,"GPR132"
"HERC5",0,"HERC5"
"PLPP3",0,"PLPP3"
"HERC2P3",0,"HERC2P3"
"GPI",0,"GPI"
"GPRC5C",0,"GPRC5C"
"RNASE1",0,"RNASE1"
"ENSG00000234261",0,"ENSG00000234261"
"PTPRE",0.00025,"PTPRE"
"NXPH4",0.00025,"NXPH4"
"KCTD15",0,"KCTD15"
"LAMB1",0,"LAMB1"
"NTRK3",0,"NTRK3"
"ENSG00000228107",5e-04,"ENSG00000228107"
"BCAT1",0,"BCAT1"
"KLHL17",0,"KLHL17"
"KCNN4",0,"KCNN4"
"HAS1",0,"HAS1"
"SWI5",0,"SWI5"
"ENSG00000279628",0,"ENSG00000279628"
"IGLV3.27",0,"IGLV3.27"
"SLIT3",0,"SLIT3"
"LRRK1",0,"LRRK1"
"ATP11A",0.00025,"ATP11A"
"PRICKLE2.AS1",0,"PRICKLE2.AS1"
"AVEN",0,"AVEN"
"MIDN",0,"MIDN"
"LINC00574",0,"LINC00574"
"FN1",0,"FN1"
"ENSG00000249738",0,"ENSG00000249738"
"ASPHD1",0,"ASPHD1"
"FCRL6",0,"FCRL6"
"SLC22A17",0,"SLC22A17"
"KIF26A",0,"KIF26A"
"PLAT",0,"PLAT"
"AKIRIN2",0,"AKIRIN2"
"ARID4B",0,"ARID4B"
"SH3BGRL3",0,"SH3BGRL3"
"PIP5K1B",0,"PIP5K1B"
"AEN",0,"AEN"
"NTN4",0,"NTN4"
"KMT2D",0.000333333333333333,"KMT2D"
"DUOX1",0.000583333333333333,"DUOX1"
"HCST",0,"HCST"
"ENSG00000249502",0.00025,"ENSG00000249502"
"RSRP1",0.000333333333333333,"RSRP1"
"TMEM255A",0,"TMEM255A"
"MEGF9",0,"MEGF9"
"RNF44",0,"RNF44"
"FOXN2",0,"FOXN2"
"PSMD3",0,"PSMD3"
"RBM18",0,"RBM18"
"NPTXR",0,"NPTXR"
"FNDC3B",0,"FNDC3B"
"HLA.B",0,"HLA.B"
"WSB1",0,"WSB1"
"FAXDC2",0,"FAXDC2"
"INO80E",0,"INO80E"
"FOXM1",0,"FOXM1"
"HELZ.AS1",0,"HELZ.AS1"
"HCP5",0,"HCP5"
"TREML2",0,"TREML2"
"DSP",0,"DSP"
"CREM",0,"CREM"
"ENSG00000230615",0,"ENSG00000230615"
"POU3F1",0,"POU3F1"
"GPNMB",0,"GPNMB"
"CDK17",0,"CDK17"
"RTN4RL1",0,"RTN4RL1"
"SMO",0,"SMO"
"MTMR4",0,"MTMR4"
"PNP",0.000666666666666667,"PNP"
"SLC28A2",0.00025,"SLC28A2"
"RGPD3",0,"RGPD3"
"SEC14L1",0,"SEC14L1"
"CIPC",0,"CIPC"
"TMED5",0.00025,"TMED5"
"CPXM2",0,"CPXM2"
"STAG3L3",0,"STAG3L3"
"ENSG00000274373",0,"ENSG00000274373"
"PRKY",0,"PRKY"
"ADGRL4",0,"ADGRL4"
"LRP5L",0,"LRP5L"
"BMPER",0,"BMPER"
"MBNL3",0,"MBNL3"
"CEACAM3",0,"CEACAM3"
"RN7SL459P",0,"RN7SL459P"
"HNRNPA2B1",0,"HNRNPA2B1"
"PAM",0.00045,"PAM"
"TMPPE",0,"TMPPE"
"CCDC130",5e-04,"CCDC130"
"MAGEL2",0.00158333333333333,"MAGEL2"
"ENSG00000261572",0,"ENSG00000261572"
"IRF4",0,"IRF4"
"BTN3A2",0,"BTN3A2"
"KREMEN1",0,"KREMEN1"
"CILP2",0,"CILP2"
"PTPN7",0,"PTPN7"
"FCN1",0,"FCN1"
"MYDGF",0,"MYDGF"
"KAT14",0,"KAT14"
"EDN3",0,"EDN3"
"BACE1",0,"BACE1"
"PCDHGC3",0,"PCDHGC3"
"SRRM2",0.000666666666666667,"SRRM2"
"RASL10A",0,"RASL10A"
"EHD2",0,"EHD2"
"NTM",0,"NTM"
"RASGEF1A",0,"RASGEF1A"
"HLA.DQB1",0,"HLA.DQB1"
"HLA.J",0,"HLA.J"
"COPZ2",0.000333333333333333,"COPZ2"
"ZNF503.AS2",-0.000333333333333333,"ZNF503.AS2"
"PRRX2",0,"PRRX2"
"MTMR9LP",0,"MTMR9LP"
"TLCD3A",0.000333333333333333,"TLCD3A"
"B3GNT9",0.000333333333333333,"B3GNT9"
"ENSG00000287193",0,"ENSG00000287193"
"ALS2CL",0,"ALS2CL"
"DOK3",0,"DOK3"
"RELT",0,"RELT"
"CHST15",0,"CHST15"
"STAT5B",0,"STAT5B"
"WIF1",0,"WIF1"
"TMEM130",0,"TMEM130"
"SURF4",0,"SURF4"
"SIGLEC22P",0,"SIGLEC22P"
"EDIL3.DT",0.00025,"EDIL3.DT"
"NKAIN3",5e-04,"NKAIN3"
"TBC1D24",0,"TBC1D24"
"RPH3AL",0,"RPH3AL"
"ENSG00000287069",0,"ENSG00000287069"
"SLC35C1",0,"SLC35C1"
"FRMD8",0,"FRMD8"
"ENSG00000259807",0,"ENSG00000259807"
"ANPEP",0,"ANPEP"
"HMCN1",0,"HMCN1"
"ENSG00000253163",0,"ENSG00000253163"
"LRRC59",0,"LRRC59"
"ENSG00000257607",0.000916666666666667,"ENSG00000257607"
"PTN",0,"PTN"
"MSC",0,"MSC"
"EMILIN2",0,"EMILIN2"
"SPATS1",0,"SPATS1"
"ENSG00000267277",0,"ENSG00000267277"
"AHI1",0,"AHI1"
"MIPEPP3",0,"MIPEPP3"
"FAM117B",0,"FAM117B"
"RMRP",0,"RMRP"
"CYP27A1",0,"CYP27A1"
"SLC45A4",0,"SLC45A4"
"SETD1B",0,"SETD1B"
"ACAP1",0,"ACAP1"
"VPS37B",0,"VPS37B"
"HCRTR1",0,"HCRTR1"
"ABCC4",0,"ABCC4"
"MRPL14",0,"MRPL14"
"IGHV4.4",0,"IGHV4.4"
"FHDC1",0,"FHDC1"
"SMOX",0,"SMOX"
"SHISA6",0,"SHISA6"
"ENSG00000286887",0,"ENSG00000286887"
"FKBP9",0,"FKBP9"
"MTO1",0,"MTO1"
"ENSG00000225365",0,"ENSG00000225365"
"GPR39",0,"GPR39"
"ADCY7",0,"ADCY7"
"VWFP1",0,"VWFP1"
"NRBP1",0,"NRBP1"
"SEC61A1",2e-04,"SEC61A1"
"EVC",0,"EVC"
"RAB11FIP1",0,"RAB11FIP1"
"ATP2B1",0,"ATP2B1"
"ENSG00000249691",0,"ENSG00000249691"
"IGLV3.10",0,"IGLV3.10"
"EXD3",0,"EXD3"
"NRXN3",0,"NRXN3"
"ACKR1",0,"ACKR1"
"UGDH",-0.000333333333333333,"UGDH"
"C11orf68",0,"C11orf68"
"ESYT3",0.00116666666666667,"ESYT3"
"IRF2BPL",0,"IRF2BPL"
"MCL1",0,"MCL1"
"FFAR2",0,"FFAR2"
"EHD3",0,"EHD3"
"PPP1R14C",0.000916666666666667,"PPP1R14C"
"LINC02280",0,"LINC02280"
"ERN1",0,"ERN1"
"ZNF683",0,"ZNF683"
"UBA7",0.00025,"UBA7"
"PRDM15",0,"PRDM15"
"FAM107A",0,"FAM107A"
"SEC13",0,"SEC13"
"CALHM3",0,"CALHM3"
"PTGFRN",0,"PTGFRN"
"LINC02250",0,"LINC02250"
"CHRNA4",0,"CHRNA4"
"PPP1R14BP3",0.000333333333333333,"PPP1R14BP3"
"OR9Q1",0,"OR9Q1"
"KLK11",0,"KLK11"
"SNX18P13",0,"SNX18P13"
"HSH2D",0,"HSH2D"
"PNPLA7",0,"PNPLA7"
"SIGLEC9",0,"SIGLEC9"
"TUBA1A",0,"TUBA1A"
"ZNF622",-2e-04,"ZNF622"
"POU5F1B",0,"POU5F1B"
"CSDE1",0,"CSDE1"
"HPD",0,"HPD"
"MED7",0,"MED7"
"SOCS2",0,"SOCS2"
"IL15",0,"IL15"
"KALRN",0,"KALRN"
"HLA.DOA",0,"HLA.DOA"
"RN7SKP245",0,"RN7SKP245"
"MPL",0,"MPL"
"NEU4",0,"NEU4"
"MCCC1",0,"MCCC1"
"NFAM1",0,"NFAM1"
"HUNK",0,"HUNK"
"LINC01625",0.000333333333333333,"LINC01625"
"CA12",0,"CA12"
"LOXHD1",0,"LOXHD1"
"MME",0,"MME"
"LLGL1",0,"LLGL1"
"HIP1R",0,"HIP1R"
"FMC1",0.000333333333333333,"FMC1"
"TMEM214",0,"TMEM214"
"MID1",0,"MID1"
"NFE2L2",0,"NFE2L2"
"SLC35E1",0.000333333333333333,"SLC35E1"
"TMPRSS13",0,"TMPRSS13"
"BTG1",0,"BTG1"
"CASP10",0,"CASP10"
"MRC1",0,"MRC1"
"TGFBR2",0,"TGFBR2"
"POC1B.AS1",0,"POC1B.AS1"
"VPS33B",0.000333333333333333,"VPS33B"
"NAV1",0,"NAV1"
"FRAS1",0,"FRAS1"
"SOD2",0,"SOD2"
"CCL5",0,"CCL5"
"LRRN4CL",0,"LRRN4CL"
"MOB4",0.00025,"MOB4"
"SNHG8",0,"SNHG8"
"WASF3.AS1",0,"WASF3.AS1"
"ENSG00000279753",0,"ENSG00000279753"
"GLIS2",0,"GLIS2"
"ENSG00000286482",0,"ENSG00000286482"
"ARHGAP30",0,"ARHGAP30"
"RNASET2",0,"RNASET2"
"AGAP2.AS1",0.000333333333333333,"AGAP2.AS1"
"SSBP2",0,"SSBP2"
"ENSG00000259924",5e-04,"ENSG00000259924"
"SYTL3",0,"SYTL3"
"TFF3",0,"TFF3"
"ASAP3",0,"ASAP3"
"BAIAP3",0,"BAIAP3"
"TSPAN14",0,"TSPAN14"
"MS4A4E",-0.000333333333333333,"MS4A4E"
"`7SK`",0,"`7SK`"
"CRABP2",0,"CRABP2"
"BCR",0.00025,"BCR"
"PF4",0,"PF4"
"ENAH",0,"ENAH"
"MYOM3",0,"MYOM3"
"DOK1",0,"DOK1"
"DUX4L17",0,"DUX4L17"
"MT.TL1",0.000333333333333333,"MT.TL1"
"NFKBIZ",0,"NFKBIZ"
"CDK11B",0,"CDK11B"
"ICAM1",0,"ICAM1"
"ENSG00000263089",0,"ENSG00000263089"
"F2RL3",0,"F2RL3"
"SECTM1",0,"SECTM1"
"HTRA1",0,"HTRA1"
"ST6GALNAC6",0,"ST6GALNAC6"
"PLCG2",0,"PLCG2"
"TBC1D27P",0,"TBC1D27P"
"TNC",0,"TNC"
"SRSF7",5e-04,"SRSF7"
"ENSG00000267811",0,"ENSG00000267811"
"MIR155HG",0,"MIR155HG"
"IGHV1.58",0,"IGHV1.58"
"SERPINF1",0,"SERPINF1"
"SERINC2",0,"SERINC2"
"LINC02691",0,"LINC02691"
"USP32P2",0,"USP32P2"
"FOXL2NB",0,"FOXL2NB"
"COX6B1",-2e-04,"COX6B1"
"CEBPA",0,"CEBPA"
"CRLF1",0,"CRLF1"
"EIF2AK3",0,"EIF2AK3"
"ZFPM1",0,"ZFPM1"
"ENSG00000285940",0,"ENSG00000285940"
"EIF4A1P10",0,"EIF4A1P10"
"THA1P",0,"THA1P"
"EFNA5",0.00025,"EFNA5"
"ARHGEF26.AS1",0.000333333333333333,"ARHGEF26.AS1"
"HLA.W",0,"HLA.W"
"GPSM3",0.00025,"GPSM3"
"KAT5",5e-04,"KAT5"
"UICLM",0,"UICLM"
"IL1RN",0,"IL1RN"
"CBY3",0,"CBY3"
"GAB2",0,"GAB2"
"PCF11",0,"PCF11"
"POSTN",0.00045,"POSTN"
"PPOX",-0.00025,"PPOX"
"MEGF10",0,"MEGF10"
"CDR2L",0,"CDR2L"
"MIR29B2CHG",0,"MIR29B2CHG"
"CCT7",0,"CCT7"
"FBXO5",0,"FBXO5"
"NNMT",0,"NNMT"
"MTHFR",0,"MTHFR"
"RAF1",0,"RAF1"
"ENSG00000250519",0,"ENSG00000250519"
"RN7SL138P",0,"RN7SL138P"
"PPP2R5C",0,"PPP2R5C"
"ALKAL2",0,"ALKAL2"
"ENSG00000261888",0.000333333333333333,"ENSG00000261888"
"NID1",0,"NID1"
"PEDS1",0,"PEDS1"
"CSMD1",0,"CSMD1"
"PLEKHO2",0,"PLEKHO2"
"NCF4",0,"NCF4"
"OLA1P3",0.00025,"OLA1P3"
"OTULINL",0,"OTULINL"
"WDR92",0,"WDR92"
"NOL4L",0,"NOL4L"
"MECOM",0,"MECOM"
"EDC4",0,"EDC4"
"NDUFS1",0,"NDUFS1"
"SERPINB9",0,"SERPINB9"
"RHOH",0,"RHOH"
"SEMA7A",0,"SEMA7A"
"TBCB",0,"TBCB"
"SPSB4",0,"SPSB4"
"BABAM1",0,"BABAM1"
"MEIS3",0,"MEIS3"
"MCHR2",0,"MCHR2"
"ITPRIPL2",0,"ITPRIPL2"
"B3GNT8",0,"B3GNT8"
"MSI1",0,"MSI1"
"MIR23AHG",0,"MIR23AHG"
"PAX1",0,"PAX1"
"GLTP",0,"GLTP"
"C3",0,"C3"
"CLEC16A",0.000333333333333333,"CLEC16A"
"TMEM26.AS1",0,"TMEM26.AS1"
"IGLV1.44",0,"IGLV1.44"
"ENSG00000281571",0,"ENSG00000281571"
"LTBP1",0,"LTBP1"
"GJB6",0,"GJB6"
"NABP1",0,"NABP1"
"DOCK9",0,"DOCK9"
"DZIP1",0,"DZIP1"
"LINC01206",0.00025,"LINC01206"
"ENSG00000274642",0.000833333333333333,"ENSG00000274642"
"LIMD2",0,"LIMD2"
"KCNK5",-0.00025,"KCNK5"
"SYNE2",0,"SYNE2"
"PCK1",0,"PCK1"
"ENSG00000260267",0,"ENSG00000260267"
"WNT6",0.000533333333333333,"WNT6"
"ASS1",0,"ASS1"
"NFATC3",0,"NFATC3"
"GPR68",0,"GPR68"
"SULT1C4",-0.000333333333333333,"SULT1C4"
"INSC",0,"INSC"
"TLE4",0,"TLE4"
"PARVG",0,"PARVG"
"KCNAB2",0,"KCNAB2"
"KCNJ8",0,"KCNJ8"
"FRMPD4",0,"FRMPD4"
"CCDC22",0,"CCDC22"
"INSRR",0,"INSRR"
"CSF1R",-0.000833333333333333,"CSF1R"
"ALMS1",0,"ALMS1"
"KCNJ11",0.00025,"KCNJ11"
"ENSG00000265739",0,"ENSG00000265739"
"DNAJC27",0,"DNAJC27"
"PDE3B",0,"PDE3B"
"ARHGAP26",0,"ARHGAP26"
"AOC2",0,"AOC2"
"MIR650",0,"MIR650"
"SGSM2",0,"SGSM2"
"PML",0,"PML"
"ANKS1B",0,"ANKS1B"
"GID4",0.001,"GID4"
"CDKN1B",0,"CDKN1B"
"PRR22",0,"PRR22"
"TLR2",0,"TLR2"
"ENSG00000273855",0,"ENSG00000273855"
"MT.ATP8",0.000333333333333333,"MT.ATP8"
"DDX17",0.00025,"DDX17"
"SNED1",0,"SNED1"
"NES",0,"NES"
"SLC43A2",0,"SLC43A2"
"CEMIP",0,"CEMIP"
"RAB11FIP5",0,"RAB11FIP5"
"BIN2",0,"BIN2"
"CPB2.AS1",0,"CPB2.AS1"
"ENO2",0,"ENO2"
"ZNF44",0,"ZNF44"
"SNRK",0,"SNRK"
"SLC24A3",0,"SLC24A3"
"MYL9",0,"MYL9"
"RIPK4",0,"RIPK4"
"CILP",0.00025,"CILP"
"GCLM",0,"GCLM"
"RRP12",0,"RRP12"
"MX2",0,"MX2"
"TRA2B",0,"TRA2B"
"CFP",0,"CFP"
"FRMD6",0,"FRMD6"
"ENSG00000266980",0,"ENSG00000266980"
"ZNF701",0,"ZNF701"
"S100A2",0.000533333333333333,"S100A2"
"ENSG00000268027",0.000833333333333333,"ENSG00000268027"
"OTUD5",0,"OTUD5"
"SNRPD2",-0.00025,"SNRPD2"
"APOO",0.000333333333333333,"APOO"
"USP20",0,"USP20"
"UBE2L6",0,"UBE2L6"
"TBC1D14",0,"TBC1D14"
"CCNI2",0,"CCNI2"
"CHCHD7",0,"CHCHD7"
"SFRP2",0,"SFRP2"
"TNIP3",0,"TNIP3"
"ZNF385D",0,"ZNF385D"
"IGHV2.5",0,"IGHV2.5"
"AMH",0,"AMH"
"LINC02688",0,"LINC02688"
"DHRS7",0,"DHRS7"
"CAMTA2",0.00153333333333333,"CAMTA2"
"CCDC61",0,"CCDC61"
"DNAH8",-0.00025,"DNAH8"
"ACSM1",0.000333333333333333,"ACSM1"
"HPSE2",0,"HPSE2"
"APOD",0,"APOD"
"ENSG00000227733",0,"ENSG00000227733"
"HAPLN2",0,"HAPLN2"
"HIPK2",0,"HIPK2"
"TNRC6C",0,"TNRC6C"
"ZNF93",0,"ZNF93"
"JAML",0,"JAML"
"CIB1",0,"CIB1"
"NEIL1",0,"NEIL1"
"ONECUT1",-5e-04,"ONECUT1"
"ENTPD6",0.00045,"ENTPD6"
"SLC4A3",0,"SLC4A3"
"PCDH12",0,"PCDH12"
"PHPT1",0,"PHPT1"
"LYVE1",0,"LYVE1"
"PNRC1",0,"PNRC1"
"ENSG00000276900",0,"ENSG00000276900"
"HR",0,"HR"
"ENSG00000286864",0,"ENSG00000286864"
"ANK3",0.00065,"ANK3"
"EHD1",0,"EHD1"
"ENSG00000213279",0,"ENSG00000213279"
"FBLN5",0,"FBLN5"
"LINC01139",0,"LINC01139"
"EZH1",0,"EZH1"
"DIRAS1",0,"DIRAS1"
"ENSG00000244491",0,"ENSG00000244491"
"MVB12B",0,"MVB12B"
"SLC39A9",0,"SLC39A9"
"ARHGEF15",0,"ARHGEF15"
"C2orf88",0,"C2orf88"
"ENSG00000253878",0,"ENSG00000253878"
"MYT1",-0.000333333333333333,"MYT1"
"LGALS3",0,"LGALS3"
"FLI1",0,"FLI1"
"FAM160A2",0,"FAM160A2"
"CLK3",0,"CLK3"
"IGHV2.70",0.000833333333333333,"IGHV2.70"
"MCF2L",0,"MCF2L"
"SLC7A2",0,"SLC7A2"
"LINC01465",0,"LINC01465"
"SRRM3",0,"SRRM3"
"PTTG1IP",0,"PTTG1IP"
"TNS2",0,"TNS2"
"IL21R.AS1",0,"IL21R.AS1"
"GASAL1",0.000333333333333333,"GASAL1"
"MRPS15",0,"MRPS15"
"PRDX4",-0.00025,"PRDX4"
"HTR3B",0,"HTR3B"
"IL9R",0.000533333333333333,"IL9R"
"ZC3H4",5e-04,"ZC3H4"
"NXF3",0,"NXF3"
"TMEM230",-2e-04,"TMEM230"
"ENSG00000235111",-0.000333333333333333,"ENSG00000235111"
"SIGLEC17P",0,"SIGLEC17P"
"DUSP5",0,"DUSP5"
"RAP1B",0,"RAP1B"
"ARRDC5",0,"ARRDC5"
"CHPF2",0,"CHPF2"
"RNF14P1",0,"RNF14P1"
"CWC25",5e-04,"CWC25"
"FAM110C",0,"FAM110C"
"ENSG00000279209",0,"ENSG00000279209"
"FBXW4P1",0.000333333333333333,"FBXW4P1"
"CYB5D2",0,"CYB5D2"
"CTC1",0,"CTC1"
"PLEKHM1",0.000333333333333333,"PLEKHM1"
"MTRNR2L4",0,"MTRNR2L4"
"ZNF646",0,"ZNF646"
"BRD3OS",0,"BRD3OS"
"PTK2B",0,"PTK2B"
"IL2RB",0,"IL2RB"
"ZNF592",0,"ZNF592"
"DPYSL3",0,"DPYSL3"
"MRPS22",0.00025,"MRPS22"
"TSC22D2",0,"TSC22D2"
"ENSG00000254929",0,"ENSG00000254929"
"ENSG00000263756",0,"ENSG00000263756"
"NABP2",0,"NABP2"
"NEK11",-0.000333333333333333,"NEK11"
"SSTR5",0,"SSTR5"
"SCAF8",0.000333333333333333,"SCAF8"
"ANP32BP1",-2e-04,"ANP32BP1"
"ARMCX2",0,"ARMCX2"
"SHC3",0,"SHC3"
"ENSG00000255237",0,"ENSG00000255237"
"RHOD",0,"RHOD"
"WNK1",5e-04,"WNK1"
"ENSG00000267218",0,"ENSG00000267218"
"SP6",0.000583333333333333,"SP6"
"ST6GAL1",0,"ST6GAL1"
"ENSG00000243179",0,"ENSG00000243179"
"PDE9A",0,"PDE9A"
"TAF4B",0,"TAF4B"
"ZDHHC18",0,"ZDHHC18"
"GPR155",0,"GPR155"
"MIR100HG",0.000783333333333333,"MIR100HG"
"PSMB5",0,"PSMB5"
"MT.TP",-2e-04,"MT.TP"
"KIAA1143",0,"KIAA1143"
"OAF",0,"OAF"
"GNAZ",2e-04,"GNAZ"
"SCARB1",0,"SCARB1"
"ENSG00000227741",0,"ENSG00000227741"
"MMRN1",0,"MMRN1"
"TTC38",0,"TTC38"
"PDE12",0.000333333333333333,"PDE12"
"MECP2",0.00025,"MECP2"
"RNF166",0,"RNF166"
"ZNF385B",0,"ZNF385B"
"WIPI1",0,"WIPI1"
"MEIS1.AS2",2e-04,"MEIS1.AS2"
"KAT6A",0.00103333333333333,"KAT6A"
"IL6R",0,"IL6R"
"LRCH4",0,"LRCH4"
"ENSG00000272941",0.000833333333333333,"ENSG00000272941"
"RTL8C",0,"RTL8C"
"N4BP2L1",5e-04,"N4BP2L1"
"ENSG00000286826",0,"ENSG00000286826"
"EPYC",0,"EPYC"
"SSBL5P",0,"SSBL5P"
"CTSE",0,"CTSE"
"PSMB6",-0.000333333333333333,"PSMB6"
"DNTTIP2",0,"DNTTIP2"
"ADPGK",0,"ADPGK"
"TARBP2",0,"TARBP2"
"FAM110A",0,"FAM110A"
"RAPGEF5",-0.000333333333333333,"RAPGEF5"
"SNCA",0,"SNCA"
"PPP1R14A",0.00025,"PPP1R14A"
"TLK1",0,"TLK1"
"LONRF3",0,"LONRF3"
"FCGR3A",0,"FCGR3A"
"KCNK10",0.00025,"KCNK10"
"ZNF579",0,"ZNF579"
"PM20D1",0.000166666666666667,"PM20D1"
"TNFSF12",0,"TNFSF12"
"ALG11",0,"ALG11"
"ZNF516",0,"ZNF516"
"PTPRU",0,"PTPRU"
"KCNC1",5e-04,"KCNC1"
"CCN6",0,"CCN6"
"VWA8",0,"VWA8"
"MVP",0,"MVP"
"ACLY",0,"ACLY"
"CORO2A",0,"CORO2A"
"ENSG00000254561",0,"ENSG00000254561"
"IFITM3",-0.000666666666666667,"IFITM3"
"SLC35B2",0,"SLC35B2"
"CD5L",0,"CD5L"
"AIF1",-5e-04,"AIF1"
"ENSG00000286125",0,"ENSG00000286125"
"APBB3",0,"APBB3"
"MIF",0,"MIF"
"CCL21",0,"CCL21"
"RN7SL543P",0,"RN7SL543P"
"LINC01569",0,"LINC01569"
"CHDH",0,"CHDH"
"ETV3",0,"ETV3"
"LINC01210",0,"LINC01210"
"GPR4",0,"GPR4"
"GPR146",0,"GPR146"
"ENSG00000248954",0,"ENSG00000248954"
"COL4A2.AS2",0.00025,"COL4A2.AS2"
"WDR25",0,"WDR25"
"LRRK2",0,"LRRK2"
"LINC00471",0,"LINC00471"
"OST4",0,"OST4"
"ENSG00000232334",0,"ENSG00000232334"
"CBX5",0,"CBX5"
"PLEKHA4",0,"PLEKHA4"
"RHOA",0,"RHOA"
"LDLRAD3",0,"LDLRAD3"
"DMGDH",0,"DMGDH"
"POU2F1.DT",0,"POU2F1.DT"
"ENSG00000279179",0,"ENSG00000279179"
"ENSG00000267765",0,"ENSG00000267765"
"CDH13",0,"CDH13"
"PRKD2",0,"PRKD2"
"LGI4",0,"LGI4"
"CDC42BPG",0,"CDC42BPG"
"SH3GLB2",0,"SH3GLB2"
"DNHD1",0,"DNHD1"
"SIGLEC16",0,"SIGLEC16"
"TLE1",0,"TLE1"
"SMPD5",0,"SMPD5"
"MPP7",0,"MPP7"
"ZNF385C",0,"ZNF385C"
"ARRB1",0,"ARRB1"
"GPD1",0,"GPD1"
"FOSL2",0,"FOSL2"
"SPATS2L",0,"SPATS2L"
"C2orf92",0,"C2orf92"
"IGHV3.48",0,"IGHV3.48"
"COCH",0.00025,"COCH"
"RBM23",0.00025,"RBM23"
"XACT",0,"XACT"
"SMPD4BP",0.000916666666666667,"SMPD4BP"
"APCDD1L.DT",0.00025,"APCDD1L.DT"
"ANKRD42",0,"ANKRD42"
"KRT14",0,"KRT14"
"EXOSC2",0,"EXOSC2"
"MEX3D",0,"MEX3D"
"GATA6",0,"GATA6"
"ENSG00000258903",0.000333333333333333,"ENSG00000258903"
"WDR26",0,"WDR26"
"CRMP1",0,"CRMP1"
"E2F8",0.00025,"E2F8"
"TP53RK",0.00025,"TP53RK"
"TBC1D8",0.000333333333333333,"TBC1D8"
"NFIX",0,"NFIX"
"PPP2R5A",0,"PPP2R5A"
"ENSG00000279598",0.000333333333333333,"ENSG00000279598"
"ARRDC2",0,"ARRDC2"
"ZNF677",0,"ZNF677"
"HABP2",0,"HABP2"
"IRF8",0,"IRF8"
"PXN",0,"PXN"
"POLG2",-0.00025,"POLG2"
"ENSG00000258634",0.00025,"ENSG00000258634"
"OR10AC1",0,"OR10AC1"
"GALNT9",0,"GALNT9"
"EIF1",0,"EIF1"
"CD151",0,"CD151"
"RAB20",0,"RAB20"
"PPP1R3C",0,"PPP1R3C"
"LINC01772",0,"LINC01772"
"NLGN4Y",0,"NLGN4Y"
"AHCY",0,"AHCY"
"ZMIZ2",0,"ZMIZ2"
"HOTTIP",2e-04,"HOTTIP"
"EIF5A",0,"EIF5A"
"ACSL4",0,"ACSL4"
"JMY",0,"JMY"
"SELP",0,"SELP"
"IRAK2",0,"IRAK2"
"SSTR2",0,"SSTR2"
"ANKRD13B",0,"ANKRD13B"
"PERM1",0,"PERM1"
"RFX8",0,"RFX8"
"ENSG00000279764",0,"ENSG00000279764"
"GIMAP8",0,"GIMAP8"
"H1.1",0,"H1.1"
"GTF2E2",0,"GTF2E2"
"TYRO3",0,"TYRO3"
"RSPO4",0,"RSPO4"
"ANO9",0,"ANO9"
"SLC16A4",0.000333333333333333,"SLC16A4"
"BOD1L1",0.000333333333333333,"BOD1L1"
"FAM177A1",0,"FAM177A1"
"UNC93B6",0,"UNC93B6"
"PCSK6",0,"PCSK6"
"ENSG00000272904",0,"ENSG00000272904"
"RPS2P7",0,"RPS2P7"
"FURIN",0,"FURIN"
"ZNF343",0,"ZNF343"
"TLR1",0,"TLR1"
"GANAB",0,"GANAB"
"NLRP7",0,"NLRP7"
"FEM1AP3",0,"FEM1AP3"
"VANGL1",0,"VANGL1"
"ENSG00000259704",0,"ENSG00000259704"
"UNC5A",0,"UNC5A"
"ENSG00000279660",0,"ENSG00000279660"
"ENSG00000213293",0,"ENSG00000213293"
"MAST3",0,"MAST3"
"ATP8B2",0,"ATP8B2"
"IGHV3.43",-0.00025,"IGHV3.43"
"TNFRSF14.AS1",0,"TNFRSF14.AS1"
"TKTL1",0,"TKTL1"
"NAV2",0,"NAV2"
"IDH1",0,"IDH1"
"TRAF1",0,"TRAF1"
"MRTFB",0,"MRTFB"
"SPSB1",0,"SPSB1"
"PCSK1N",0,"PCSK1N"
"ECRG4",0,"ECRG4"
"KRT8P49",0,"KRT8P49"
"LINC00565",0,"LINC00565"
"C9orf40",0,"C9orf40"
"SLC31A1",0,"SLC31A1"
"TPM2",0,"TPM2"
"FEZF1.AS1",0,"FEZF1.AS1"
"TPM1",0.000333333333333333,"TPM1"
"SUN1",0,"SUN1"
"NOP58",0,"NOP58"
"PLXNA4",0.00025,"PLXNA4"
"SERPING1",0,"SERPING1"
"PTGER1",0,"PTGER1"
"ENSG00000267688",0,"ENSG00000267688"
"ELK1",0,"ELK1"
"ADGRL1",0,"ADGRL1"
"ZNF236",0,"ZNF236"
"SASH3",0,"SASH3"
"LINC01896",0,"LINC01896"
"NKX2.2",0,"NKX2.2"
"KCNQ1",0,"KCNQ1"
"IFIT1B",0,"IFIT1B"
"LINC01711",0,"LINC01711"
"ENSG00000250493",0,"ENSG00000250493"
"CPNE3",0.000333333333333333,"CPNE3"
"NPTN",0,"NPTN"
"ATP2A3",0,"ATP2A3"
"DENND2B",-0.000333333333333333,"DENND2B"
"ENSG00000253295",0,"ENSG00000253295"
"CHST7",0,"CHST7"
"TPPP3",0.00025,"TPPP3"
"KMT2C",0,"KMT2C"
"SHMT2",0,"SHMT2"
"SCLT1",0,"SCLT1"
"GRAMD1A",0,"GRAMD1A"
"DENND1C",0,"DENND1C"
"VNN1",0,"VNN1"
"ENSG00000278998",0,"ENSG00000278998"
"ALG3",0,"ALG3"
"ID4",0,"ID4"
"CLEC7A",0,"CLEC7A"
"FOLR2",0,"FOLR2"
"DOT1L",0.000833333333333333,"DOT1L"
"CTR9",0,"CTR9"
"FEZF2",0,"FEZF2"
"MEF2D",0,"MEF2D"
"INSYN2B",0,"INSYN2B"
"ENSG00000230991",0,"ENSG00000230991"
"PSENEN",0,"PSENEN"
"QARS1",-2e-04,"QARS1"
"PAX3",0,"PAX3"
"MAT2A",0,"MAT2A"
"PLEKHG5",0,"PLEKHG5"
"FER1L4",0,"FER1L4"
"FAM83A",0,"FAM83A"
"MCM3AP",0,"MCM3AP"
"FBXL14",0,"FBXL14"
"RBBP8",0,"RBBP8"
"KIF7",0,"KIF7"
"HDLBP",0,"HDLBP"
"VGLL3",0,"VGLL3"
"MPEG1",0,"MPEG1"
"ENSG00000255367",0,"ENSG00000255367"
"WASH6P",0,"WASH6P"
"ENSG00000186019",0,"ENSG00000186019"
"ENSG00000282022",0,"ENSG00000282022"
"LINC01943",0,"LINC01943"
"ACSS1",5e-04,"ACSS1"
"IGF1R",0.00025,"IGF1R"
"DEFA4",0,"DEFA4"
"POFUT1",0,"POFUT1"
"TMEM245",0,"TMEM245"
"ABCA7",0,"ABCA7"
"RNF170",0,"RNF170"
"LINC02235",0,"LINC02235"
"WDR45P1",2e-04,"WDR45P1"
"HCG4",0,"HCG4"
"PFN2",0,"PFN2"
"ENSG00000287469",0,"ENSG00000287469"
"KRT8P32",0,"KRT8P32"
"TRAM1",0,"TRAM1"
"RNVU1.28",-0.000333333333333333,"RNVU1.28"
"CYFIP2",0,"CYFIP2"
"DSG3",0,"DSG3"
"FSIP2",0.00025,"FSIP2"
"ENSG00000280453",0,"ENSG00000280453"
"YTHDF2",0,"YTHDF2"
"ACTG1",0,"ACTG1"
"PAPLN",0,"PAPLN"
"HTRA4",0,"HTRA4"
"CPE",0,"CPE"
"CD33",0,"CD33"
"MICAL2",0,"MICAL2"
"CDH19",0.00025,"CDH19"
"HCK",0,"HCK"
"ZNF844",0,"ZNF844"
"ENSG00000287754",0,"ENSG00000287754"
"SRGAP2",0,"SRGAP2"
"KDELR3",0,"KDELR3"
"ANKRD13D",0,"ANKRD13D"
"PKD2",0,"PKD2"
"GIPR",0,"GIPR"
"MBP",0,"MBP"
"UCN2",0,"UCN2"
"ITGB7",0,"ITGB7"
"LINC00634",0,"LINC00634"
"GDF6",0,"GDF6"
"CCNG2",0.000333333333333333,"CCNG2"
"BHLHE40",0.000333333333333333,"BHLHE40"
"SEMA4D",0,"SEMA4D"
"ENSG00000259556",0,"ENSG00000259556"
"IQGAP3",0,"IQGAP3"
"RNF138",0.00025,"RNF138"
"LINC01550",0,"LINC01550"
"TRPC6",0,"TRPC6"
"MED12L",-0.00025,"MED12L"
"ERCC5",0,"ERCC5"
"SRD5A1",0,"SRD5A1"
"USP1",0,"USP1"
"ENSG00000258376",0,"ENSG00000258376"
"DENND3",0,"DENND3"
"ENSG00000284703",0,"ENSG00000284703"
"TFAP2C",0,"TFAP2C"
"GALNT18",-0.00025,"GALNT18"
"OR11G2",0,"OR11G2"
"KIAA1549L",0,"KIAA1549L"
"TLK2P1",0,"TLK2P1"
"NDUFA6",0,"NDUFA6"
"CPT1C",0.000583333333333333,"CPT1C"
"GIGYF1",-2e-04,"GIGYF1"
"SSBL2P",0,"SSBL2P"
"SNX29P2",0,"SNX29P2"
"PPIC",-0.000333333333333333,"PPIC"
"C16orf71",0,"C16orf71"
"KCNIP1",0,"KCNIP1"
"IGLV3.25",0,"IGLV3.25"
"MAP1A",0,"MAP1A"
"PLA2R1",0,"PLA2R1"
"ATP7A",0,"ATP7A"
"SNRPF",0,"SNRPF"
"IGHV4.61",0,"IGHV4.61"
"KRT8P18",0,"KRT8P18"
"ENSG00000111788",0,"ENSG00000111788"
"FAM20C",0,"FAM20C"
"EPS8L1",0,"EPS8L1"
"ELL",0,"ELL"
"SLC26A7",0,"SLC26A7"
"TMEM200B",0.000333333333333333,"TMEM200B"
"ZNF843",0,"ZNF843"
"VENTX",0,"VENTX"
"CD36",0,"CD36"
"TRIM69",0,"TRIM69"
"COL2A1",0,"COL2A1"
"PGGHG",0,"PGGHG"
"SKP2",0,"SKP2"
"CCDC150",0,"CCDC150"
"ZDHHC16",0,"ZDHHC16"
"NEK8",0,"NEK8"
"GADD45A",0,"GADD45A"
"TCTN1",0,"TCTN1"
"MIR1229",0,"MIR1229"
"ZNF425",0.000666666666666667,"ZNF425"
"EIF5",0,"EIF5"
"ADAMTS7",0,"ADAMTS7"
"HAUS3",0,"HAUS3"
"TAT.AS1",0,"TAT.AS1"
"ENSG00000261079",0,"ENSG00000261079"
"ENSG00000248725",0,"ENSG00000248725"
"ENSG00000229273",0,"ENSG00000229273"
"ADGRB2",0,"ADGRB2"
"C1QTNF12",0,"C1QTNF12"
"SORL1",0,"SORL1"
"BCAM",0,"BCAM"
"SLC39A13",0,"SLC39A13"
"MYO1C",0,"MYO1C"
"KLHL14",0,"KLHL14"
"FUT8",0,"FUT8"
"CCDC24",0.000916666666666667,"CCDC24"
"HES7",0,"HES7"
"ENSG00000250138",0,"ENSG00000250138"
"AS3MT",0,"AS3MT"
"CHRM4",0,"CHRM4"
"PDLIM7",0,"PDLIM7"
"CCNA2",0,"CCNA2"
"RPL18AP8",0,"RPL18AP8"
"ZNF395",0,"ZNF395"
"ENSG00000251229",2e-04,"ENSG00000251229"
"TSC22D3",0,"TSC22D3"
"PDSS1",0,"PDSS1"
"RPGRIP1",0,"RPGRIP1"
"LINC00543",0,"LINC00543"
"KIF11",0,"KIF11"
"ENSG00000275198",0,"ENSG00000275198"
"TREX2",0,"TREX2"
"MTATP6P1",0,"MTATP6P1"
"UBXN11",0,"UBXN11"
"AKAP17A",0,"AKAP17A"
"MAML1",-0.00025,"MAML1"
"SNAP47",0,"SNAP47"
"QPCT",0,"QPCT"
"ANKRD16",0,"ANKRD16"
"SF3B6",0,"SF3B6"
"MORF4L2",0,"MORF4L2"
"RPA4",0,"RPA4"
"FGD1",0,"FGD1"
"ENSG00000240710",0,"ENSG00000240710"
"SPATA2L",0,"SPATA2L"
"CNTNAP3P2",0,"CNTNAP3P2"
"PRAG1",0,"PRAG1"
"ENSG00000247416",0,"ENSG00000247416"
"E2F7",0,"E2F7"
"FAM167A",0,"FAM167A"
"ENSG00000284719",0,"ENSG00000284719"
"SNX29",0,"SNX29"
"PIK3R6",0,"PIK3R6"
"CYTL1",0,"CYTL1"
"GAMT",0.000333333333333333,"GAMT"
"WDR61",0,"WDR61"
"UCKL1",0,"UCKL1"
"DTX2P1",0,"DTX2P1"
"SMG1P1",0,"SMG1P1"
"MMP2.AS1",0,"MMP2.AS1"
"THOP1",0,"THOP1"
"PKD2L2",0,"PKD2L2"
"MIR4500HG",0,"MIR4500HG"
"RSPH3",0.000666666666666667,"RSPH3"
"DAPK2",0,"DAPK2"
"TMEM141",0,"TMEM141"
"ENSG00000231902",0,"ENSG00000231902"
"SLC38A10",0,"SLC38A10"
"Age",0,"Age"
"GenderM",0,"GenderM"
"BMI",0,"BMI"
"cysts1",0,"cysts1"
"fibrosis1",0,"fibrosis1"
"blood_vessels1",0,"blood_vessels1"
"cartilage_islands1",0,"cartilage_islands1"
"trabeculae_thickened1",0,"trabeculae_thickened1"
"oabs_scoring4",0,"oabs_scoring4"
"oabs_scoring5",0,"oabs_scoring5"
"oabs_scoring6",0,"oabs_scoring6"
"oarsi_scoring2",0,"oarsi_scoring2"
"oarsi_scoring3",0,"oarsi_scoring3"
"oarsi_scoring4",0,"oarsi_scoring4"
"oarsi_scoring6",0,"oarsi_scoring6"
