"MeanDecreaseGini","Gene"
"LRRC8E",0.523307468789194,"LRRC8E"
"FN1",0.0163222646918299,"FN1"
"COL6A3",0.0389016556972439,"COL6A3"
"IGFBP1",0.00268333333333333,"IGFBP1"
"MGP",0.0246404618257559,"MGP"
"CLCF1",0.0024,"CLCF1"
"ALAD",0,"ALAD"
"ECM1",0.0236219308168612,"ECM1"
"MAGED1",0,"MAGED1"
"TIMP1",0.0678226517462586,"TIMP1"
"COL3A1",0,"COL3A1"
"GFPT2",0.0114546568627451,"GFPT2"
"CRLF1",0.0236435496048499,"CRLF1"
"GLIS3",0.0471952580314422,"GLIS3"
"SULF2",0.00177777777777778,"SULF2"
"HTRA1",0.00766868686868687,"HTRA1"
"STMN2",0.0298036462505503,"STMN2"
"CEMIP",0.0455955513784461,"CEMIP"
"FKBP10",0.00561488095238095,"FKBP10"
"COL6A2",0.0270325163398693,"COL6A2"
"CHI3L2",0.0526999183006536,"CHI3L2"
"GDF6",0.00423743315508021,"GDF6"
"AEBP1",0.00403712121212121,"AEBP1"
"CSMD2",0.0202385822510823,"CSMD2"
"COL5A2",0.00075,"COL5A2"
"CERCAM",0.0317798777203189,"CERCAM"
"TRPS1",0.0645522355095885,"TRPS1"
"BLVRB",0.00268787878787879,"BLVRB"
"FMOD",0.0201623737373737,"FMOD"
"COL6A1",0,"COL6A1"
"COL5A1",0.00653333333333333,"COL5A1"
"FGFRL1",0.0484091254935295,"FGFRL1"
"KIAA1755",0.0170498608374769,"KIAA1755"
"COL15A1",0,"COL15A1"
"UGDH",0.00323809523809524,"UGDH"
"PRELP",0.00187450980392157,"PRELP"
"AOC2",0.0444347777437561,"AOC2"
"ENSG00000280073",0.0194555479608111,"ENSG00000280073"
"SLC38A3",0.2048700679953,"SLC38A3"
"NT5E",0.0155770308123249,"NT5E"
"TNFRSF11B",0.0182629468055165,"TNFRSF11B"
"TNFRSF12A",0,"TNFRSF12A"
"GEM",0.00539597953216374,"GEM"
"COL27A1",0.000933333333333334,"COL27A1"
"RASL12",0.000941176470588236,"RASL12"
"SLC39A14",0,"SLC39A14"
"AHNAK2",0.0158166666666667,"AHNAK2"
"MXRA5",0.0503247782446312,"MXRA5"
"ENSG00000255301",0.0254935064935065,"ENSG00000255301"
"NSD2",0,"NSD2"
"HTRA3",0.0009375,"HTRA3"
"MCM7",0.0244109593837535,"MCM7"
"GOLM1",0.00494035087719298,"GOLM1"
"HAGH",0,"HAGH"
"GPRC5A",0.0069218487394958,"GPRC5A"
"UROD",0.000916666666666667,"UROD"
"HMCN1",0,"HMCN1"
"HHIPL1",0.00568888888888889,"HHIPL1"
"CRTAC1",0.0066125,"CRTAC1"
"APCDD1L",0.0232513888888889,"APCDD1L"
"EDIL3",0.0156181020733652,"EDIL3"
"PRDX2",0.00274285714285714,"PRDX2"
"TOX3",0.0125766034404192,"TOX3"
"FAM117A",0,"FAM117A"
"MN1",0.0183867167919799,"MN1"
"GAS1",0.0107536541889483,"GAS1"
"CHPF",0.00274285714285714,"CHPF"
"RILP",0.0172441359079517,"RILP"
"MYL4",0.00169230769230769,"MYL4"
"IGFBP6",0,"IGFBP6"
"PKLR",0.0147257917521075,"PKLR"
"ADAMTS6",0.0372692226890756,"ADAMTS6"
"DCN",0.000666666666666667,"DCN"
"PRSS23",0.0137175213675214,"PRSS23"
"CPXM1",0.0715030700079075,"CPXM1"
"NDUFA4L2",0.0018,"NDUFA4L2"
"PLOD1",0.0111404634581105,"PLOD1"
"CHST6",0.0175209383753501,"CHST6"
"CD109",0.0174407091097309,"CD109"
"SMOC1",0,"SMOC1"
"SMOC2",0.00891640494008915,"SMOC2"
"BGN",0.0172429038281979,"BGN"
"PRRX1",0.00695416666666667,"PRRX1"
"LRRC15",0.069406220821662,"LRRC15"
"COMP",0.00495,"COMP"
"ABI3BP",0.0409871623259781,"ABI3BP"
"TAL1",0.00677619047619048,"TAL1"
"KIF22",0,"KIF22"
"RCN3",0.00986554352510235,"RCN3"
"PAM",0.0139827813741126,"PAM"
"PTPRD",0.0174159222614331,"PTPRD"
"BMP1",0.0932377195173248,"BMP1"
"TREM2",0.0311848031397567,"TREM2"
"TLCD4",0.00926299019607843,"TLCD4"
"ENSG00000227959",0.0171489661654135,"ENSG00000227959"
"KAZALD1",0.0479289963943417,"KAZALD1"
"ADAM12",0.0289117352204039,"ADAM12"
"SNED1",0.0211684194890077,"SNED1"
"BHLHE40",0.0458590171079874,"BHLHE40"
"CREB3L1",0.00273260073260073,"CREB3L1"
"TGFBI",0.0390948179271709,"TGFBI"
"CHST14",0.00735714285714285,"CHST14"
"NGEF",0.00699269162210339,"NGEF"
"ACSS1",0.0223437585290526,"ACSS1"
"CTNNB1",0.141697906041327,"CTNNB1"
"KIF26A",0.00841974789915966,"KIF26A"
"H1.2",0.00342307692307692,"H1.2"
"SURF4",0.0273126927595968,"SURF4"
"COL1A2",0,"COL1A2"
"FSTL3",0.0286368568480024,"FSTL3"
"CD276",0.0355789321789322,"CD276"
"IL11",0,"IL11"
"MRC2",0.00568888888888889,"MRC2"
"CROCCP2",0.00153725490196078,"CROCCP2"
"TANGO2",0.00433333333333333,"TANGO2"
"ITGA11",0.00171428571428571,"ITGA11"
"ADGRG2",0.0106603668261563,"ADGRG2"
"ITGA5",0.00789819401444788,"ITGA5"
"PPOX",0.0016,"PPOX"
"DKK3",0.00830416666666667,"DKK3"
"SLC1A1",0.00735059523809524,"SLC1A1"
"PCOLCE",0.0210635854341737,"PCOLCE"
"COL11A1",0.00821666666666667,"COL11A1"
"PTGES",0.00889623719933317,"PTGES"
"SULF1",0.0106458333333333,"SULF1"
"MIR31HG",0,"MIR31HG"
"INCENP",0.0103986215538847,"INCENP"
"C1QTNF8",0.00173333333333333,"C1QTNF8"
"FGFBP2",0.000933333333333334,"FGFBP2"
"TFRC",0.000928571428571429,"TFRC"
"TPBG",0,"TPBG"
"PLA2G2A",0.0278714598997494,"PLA2G2A"
"C20orf27",0.192676944520907,"C20orf27"
"DMTN",0.00696666666666667,"DMTN"
"PF4",0.00659393939393939,"PF4"
"POSTN",0.0151208589655958,"POSTN"
"FOXC2",0.0177886904761905,"FOXC2"
"CPXM2",0.00075,"CPXM2"
"TSPAN17",0.0456344590050472,"TSPAN17"
"SERPINE1",0.0179190817953976,"SERPINE1"
"CLU",0.00412857142857143,"CLU"
"THBS2",0.0129438596491228,"THBS2"
"SGCD",0.0218863095238095,"SGCD"
"EGFL6",0.00432424242424242,"EGFL6"
"AHSP",0,"AHSP"
"EPOR",0.00935847953216374,"EPOR"
"SLC7A2",0.00375,"SLC7A2"
"UCP2",0.000923076923076923,"UCP2"
"RNF123",0,"RNF123"
"MIA",0,"MIA"
"LINC01839",0,"LINC01839"
"PLEKHH3",0.0311708886186053,"PLEKHH3"
"H1.0",0,"H1.0"
"DHRS13",0,"DHRS13"
"ETV4",0.00812312599681021,"ETV4"
"PIGQ",0,"PIGQ"
"GALNT2",0.0844915488922842,"GALNT2"
"ITGAV",0.0139625,"ITGAV"
"MRGPRF",0.00186974789915966,"MRGPRF"
"SSC5D",0.000958333333333334,"SSC5D"
"PPP1R14C",0,"PPP1R14C"
"CRISPLD2",0.000666666666666667,"CRISPLD2"
"SCARA3",0.00176470588235294,"SCARA3"
"RHD",0.00216666666666667,"RHD"
"NCAPD2",0,"NCAPD2"
"FNDC1",0.00656666666666667,"FNDC1"
"SLC43A1",0.0198102812177503,"SLC43A1"
"LMNB1",0.00466363636363636,"LMNB1"
"CHAF1A",0.0329111113946253,"CHAF1A"
"THY1",0,"THY1"
"TP53AIP1",0,"TP53AIP1"
"PRRX2",0,"PRRX2"
"CHPT1",0.0101903242955875,"CHPT1"
"NTN1",0.0027375,"NTN1"
"COL1A1",0,"COL1A1"
"ABCA2",0.233888954189982,"ABCA2"
"ABCB10",0.00697857142857143,"ABCB10"
"ANGPTL7",0,"ANGPTL7"
"SPARC",0,"SPARC"
"C14orf132",0.00415726817042606,"C14orf132"
"ENPP1",0.000933333333333334,"ENPP1"
"COL12A1",0,"COL12A1"
"FN3K",0,"FN3K"
"TSHZ3",0.00590375939849624,"TSHZ3"
"DLX4",0.00255,"DLX4"
"DYNC2I2",0.00855025799793602,"DYNC2I2"
"MCM5",0.00241666666666667,"MCM5"
"PLOD2",0.0199205882352941,"PLOD2"
"MFGE8",0,"MFGE8"
"TNFRSF10B",0.0124141863173395,"TNFRSF10B"
"MGAT3",0.0102853586171311,"MGAT3"
"PCSK1",0.0178600957049486,"PCSK1"
"ROBO1",0.0027687969924812,"ROBO1"
"EML1",0.015047184457307,"EML1"
"MARCHF8",0.000666666666666667,"MARCHF8"
"GALNT16",0.000941176470588236,"GALNT16"
"ZFYVE21",0.00168333333333333,"ZFYVE21"
"ADAMTS7P3",0.00974444444444445,"ADAMTS7P3"
"IMPA2",0.00186057692307692,"IMPA2"
"PMP22",0.00653333333333333,"PMP22"
"UBAC1",0,"UBAC1"
"SLC5A3",0.0469007823574774,"SLC5A3"
"XPO7",0.00853391812865497,"XPO7"
"CSPG4",0.000954545454545455,"CSPG4"
"GYPC",0,"GYPC"
"THBS3",0.000954545454545455,"THBS3"
"RAB6B",0.0439233013907317,"RAB6B"
"DCHS1",0.000952380952380953,"DCHS1"
"TNC",0.0127748006379585,"TNC"
"SPTB",0.0018,"SPTB"
"HMBS",0.000952380952380953,"HMBS"
"EXO1",0.0635737077679802,"EXO1"
"DPT",0.0168724736048265,"DPT"
"SLC25A39",0.00436538461538462,"SLC25A39"
"PAPSS2",0.0250456115779645,"PAPSS2"
"ARSI",0,"ARSI"
"H1.4",0.0201624542124542,"H1.4"
"KCNQ1OT1",0.00185,"KCNQ1OT1"
"ITGA10",0,"ITGA10"
"HNF1A.AS1",0.00169230769230769,"HNF1A.AS1"
"HYDIN2",0.00961164274322169,"HYDIN2"
"C1R",0,"C1R"
"MCM3",0.0028875128998968,"MCM3"
"RRBP1",0.00688462332301342,"RRBP1"
"SDC4",0.00175,"SDC4"
"SLC6A8",0,"SLC6A8"
"OSBP2",0,"OSBP2"
"GLI3",0,"GLI3"
"ANP32E",0.00176470588235294,"ANP32E"
"SLC2A12",0.0197398809523809,"SLC2A12"
"HSD3B7",0.000949999999999999,"HSD3B7"
"LOXL2",0.00180952380952381,"LOXL2"
"DNM1",0.00382132505175983,"DNM1"
"VPS13A",0.0392666845366536,"VPS13A"
"SLC22A17",0.0361201754385965,"SLC22A17"
"AMTN",0.00816224937343358,"AMTN"
"CLVS2",0,"CLVS2"
"ENSG00000227712",0,"ENSG00000227712"
"NIBAN2",0,"NIBAN2"
"CMPK2",0,"CMPK2"
"FGF10",0.0237358435681965,"FGF10"
"NBL1",0.0129714285714286,"NBL1"
"COL8A2",0.0120150183150183,"COL8A2"
"TRO",0.0211373205741627,"TRO"
"P3H4",0.0162516594516595,"P3H4"
"GFI1B",0,"GFI1B"
"PAX5",0.0017422619047619,"PAX5"
"SUV39H1",0.00666666666666667,"SUV39H1"
"ANP32B",0.0209795325417616,"ANP32B"
"MMP2",0.0257459665715673,"MMP2"
"ANOS1",0,"ANOS1"
"ENSG00000179342",0.0223112540710064,"ENSG00000179342"
"TIMELESS",0.00075,"TIMELESS"
"PRKCA",0.00187593984962406,"PRKCA"
"H1.3",0,"H1.3"
"ENSG00000197376",0,"ENSG00000197376"
"FBXO40",0.0009375,"FBXO40"
"CYP4F8",0,"CYP4F8"
"ANKH",0.0185245543672014,"ANKH"
"SLC4A1",0.00247272727272727,"SLC4A1"
"TRAM2",0.16184686585774,"TRAM2"
"ENSG00000286891",0.000944444444444445,"ENSG00000286891"
"ADD2",0,"ADD2"
"FEN1",0.0009375,"FEN1"
"AIPL1",0,"AIPL1"
"ATP7B",0.0275972599296129,"ATP7B"
"HMGB2",0,"HMGB2"
"CDON",0.00246428571428571,"CDON"
"PTH1R",0.0009375,"PTH1R"
"TPPP3",0.0371273561706611,"TPPP3"
"SERPINA3",0.0246549242424242,"SERPINA3"
"LRP2BP",0,"LRP2BP"
"ISLR",0,"ISLR"
"DACH2",0,"DACH2"
"FANCI",0.00680804424333836,"FANCI"
"PODNL1",0.00280416666666667,"PODNL1"
"IGSF3",0.0110981684981685,"IGSF3"
"CDCA5",0.0065625,"CDCA5"
"MCM10",0.00108333333333333,"MCM10"
"DDI2",0.00104761904761905,"DDI2"
"ELOVL4",0.00648809523809524,"ELOVL4"
"HSPA2",0.000666666666666667,"HSPA2"
"FHDC1",0.00485392156862745,"FHDC1"
"SCARA5",0.00268333333333333,"SCARA5"
"CNTNAP2",0.00471488095238095,"CNTNAP2"
"RTKN",0.0124187286397813,"RTKN"
"ZNF469",0.00996741854636592,"ZNF469"
"CAMK2B",0.0027008547008547,"CAMK2B"
"ABL2",0.0178052172543659,"ABL2"
"IL1R1",0.0125588880288958,"IL1R1"
"SGO1",0.00659444444444444,"SGO1"
"ZNF709",0.0009375,"ZNF709"
"HBD",0.00187307692307692,"HBD"
"TNFSF11",0.0534960219089476,"TNFSF11"
"P4HA3",0.00714281045751634,"P4HA3"
"CALU",0.0112105263157895,"CALU"
"TMEM45A",0.0015952380952381,"TMEM45A"
"TUBB1",0.00253947368421053,"TUBB1"
"CCN2",0.0024,"CCN2"
"SNAP25",0.00353486842105263,"SNAP25"
"E2F2",0.0156280157407092,"E2F2"
"VCAN",0.0531738997113997,"VCAN"
"H4C5",0,"H4C5"
"NT5M",0.00247058823529412,"NT5M"
"ANGPTL2",0.00650833333333333,"ANGPTL2"
"ADAMTS14",0.0274800999121651,"ADAMTS14"
"LRRC75A",0.018295879851143,"LRRC75A"
"CPEB2.DT",0.00270454545454546,"CPEB2.DT"
"XYLT1",0.0126913308913309,"XYLT1"
"H2AX",0.000949999999999999,"H2AX"
"CDK2AP1",0.0524932003454062,"CDK2AP1"
"FRAS1",0.0282953213453213,"FRAS1"
"ACKR3",0,"ACKR3"
"NID2",0.00919607843137255,"NID2"
"RAB3IL1",0.000954545454545455,"RAB3IL1"
"FECH",0.00171428571428571,"FECH"
"MYO1D",0,"MYO1D"
"TIAM2",0.0052,"TIAM2"
"MSMP",0.00320326797385621,"MSMP"
"HDHD3",0.0163358893557423,"HDHD3"
"LINC02636",0.0101468168527379,"LINC02636"
"ENSG00000255836",0.00187593984962406,"ENSG00000255836"
"RANBP10",0.000933333333333334,"RANBP10"
"SERPINA5",0.00773468296409473,"SERPINA5"
"TMEM59L",0,"TMEM59L"
"KCNK2",0.0195942900237018,"KCNK2"
"SYNGR1",0.0269092756959243,"SYNGR1"
"NEBL",0.0018,"NEBL"
"CPOX",0.0106458333333333,"CPOX"
"ADAMTS2",0.000923076923076923,"ADAMTS2"
"CDKN1B",0.0266735516934046,"CDKN1B"
"TMEM263",0.0185651211361738,"TMEM263"
"SBSN",0.00181818181818182,"SBSN"
"MAGED2",0.0009375,"MAGED2"
"ALAS2",0.00328725490196078,"ALAS2"
"P4HA2",0.0449129133405668,"P4HA2"
"ACAN",0.00367259056732741,"ACAN"
"H4C1",0,"H4C1"
"KIFC1",0,"KIFC1"
"HBM",0.00251623376623377,"HBM"
"MCM2",0.0009375,"MCM2"
"H2AC14",0.00935228758169935,"H2AC14"
"VWA2",0.00515714285714286,"VWA2"
"CCDC80",0.00176470588235294,"CCDC80"
"DAP",0.0115048951048951,"DAP"
"NAIPP1",0.00347867647058824,"NAIPP1"
"LRIG3",0.00737142857142857,"LRIG3"
"FAM178B",0.00818809523809524,"FAM178B"
"CTHRC1",0.00646428571428571,"CTHRC1"
"LINC01711",0.0203260854341737,"LINC01711"
"TMEM131L",0.0387947335344394,"TMEM131L"
"SELENOM",0.00971488095238095,"SELENOM"
"MEX3A",0.0221784294137235,"MEX3A"
"MMP14",0.00687777777777778,"MMP14"
"GCLM",0.0109727073365231,"GCLM"
"NEO1",0.00746666666666667,"NEO1"
"TESC",0.00563333333333333,"TESC"
"ENSG00000259356",0.000949999999999999,"ENSG00000259356"
"AGT",0.000947368421052632,"AGT"
"PRG4",0.0138966857188219,"PRG4"
"STK11",0.00736339869281046,"STK11"
"GMPR",0,"GMPR"
"KEL",0,"KEL"
"ENSG00000230731",0,"ENSG00000230731"
"RNASEH2B",0.000928571428571429,"RNASEH2B"
"C12orf42",0.00732222222222222,"C12orf42"
"CCND3",0.00169230769230769,"CCND3"
"ERMAP",0.00546527777777778,"ERMAP"
"C21orf58",0.00813104575163399,"C21orf58"
"SERPINE2",0.00163636363636364,"SERPINE2"
"ENSG00000276997",0,"ENSG00000276997"
"BARX2",0.00172058823529412,"BARX2"
"KAT2B",0,"KAT2B"
"HBA1",0.00696550116550117,"HBA1"
"NSMF",0.0174589743589744,"NSMF"
"ARHGEF37",0,"ARHGEF37"
"CDCA3",0,"CDCA3"
"CDO1",0.00997543859649123,"CDO1"
"KLHL29",0.00744285714285714,"KLHL29"
"LIF",0.000956521739130435,"LIF"
"ENSG00000270593",0,"ENSG00000270593"
"SORBS2",0,"SORBS2"
"CCNF",0,"CCNF"
"SCUBE3",0.0109601449275362,"SCUBE3"
"KLF1",0.0153527062849431,"KLF1"
"RARG",0.00178947368421053,"RARG"
"SLC39A13",0.0025,"SLC39A13"
"SLCO2A1",0.0103984848484848,"SLCO2A1"
"KCNJ4",0.0032375,"KCNJ4"
"SOX9",0,"SOX9"
"OSMR",0.00979247076023392,"OSMR"
"LOXL4",0.00407142857142857,"LOXL4"
"ZNF445",0.00428339438339438,"ZNF445"
"PSD3",0.000928571428571429,"PSD3"
"HAPLN1",0,"HAPLN1"
"HEPN1",0,"HEPN1"
"GPC6",0,"GPC6"
"BPIFB4",0.00662222222222222,"BPIFB4"
"ENSG00000266805",0,"ENSG00000266805"
"EPB42",0,"EPB42"
"MLH1",0.0240685610212464,"MLH1"
"PDLIM4",0.016994976076555,"PDLIM4"
"ALPL",0.0312816067317615,"ALPL"
"TGFB3",0,"TGFB3"
"AP2A1",0.00169230769230769,"AP2A1"
"MXRA7",0.0111505952380952,"MXRA7"
"OMD",0.0238527823483706,"OMD"
"ANK1",0.0024375,"ANK1"
"CASC19",0.00187450980392157,"CASC19"
"WNT16",0,"WNT16"
"ATP5IF1",0.00745588235294118,"ATP5IF1"
"GXYLT2",0.0040829346092504,"GXYLT2"
"SDK2",0.00187307692307692,"SDK2"
"TAB3",0.000933333333333334,"TAB3"
"PLXNA3",0.0210739607614608,"PLXNA3"
"LINC02736",0.00270220588235294,"LINC02736"
"TRIM58",0.00188854489164087,"TRIM58"
"H2AC8",0,"H2AC8"
"GTPBP2",0.00317307692307692,"GTPBP2"
"PROCR",0.00186752136752137,"PROCR"
"CTSE",0.00176470588235294,"CTSE"
"COL7A1",0.00740947712418301,"COL7A1"
"RECQL4",0.0154841036414566,"RECQL4"
"SDC2",0.00075,"SDC2"
"SYT13",0.00432777777777778,"SYT13"
"ITGA3",0.0133977443609023,"ITGA3"
"KRT80",0.0652134366794197,"KRT80"
"TFDP1",0,"TFDP1"
"SMIM1",0.0289146915176327,"SMIM1"
"BHLHE22",0,"BHLHE22"
"TIMP2",0.000875,"TIMP2"
"LOXL1",0.0121666666666667,"LOXL1"
"TRIM10",0,"TRIM10"
"LINC01840",0,"LINC01840"
"AKT1S1",0.00264761904761905,"AKT1S1"
"VIP",0.0018375,"VIP"
"ACVR1",0.0289769841269841,"ACVR1"
"DCAF11",0.00500952380952381,"DCAF11"
"FADS6",0.000928571428571429,"FADS6"
"ANKRD33B",0.00676470588235294,"ANKRD33B"
"CARNMT1",0.00178947368421053,"CARNMT1"
"CALHM2",0.0066797385620915,"CALHM2"
"GPNMB",0.0212183371882675,"GPNMB"
"BARX1",0.000954545454545455,"BARX1"
"ALKAL2",0.00976862745098039,"ALKAL2"
"INSIG1",0.00628729516097937,"INSIG1"
"SPTA1",0,"SPTA1"
"ENSG00000286808",0.00999958592132505,"ENSG00000286808"
"TUBB3",0.00859945054945055,"TUBB3"
"GLT8D2",0,"GLT8D2"
"VKORC1",0.00176470588235294,"VKORC1"
"GLRX5",0.00612236842105263,"GLRX5"
"COL16A1",0,"COL16A1"
"ENSG00000242747",0,"ENSG00000242747"
"DNER",0.00186607142857143,"DNER"
"SPP1",0.00790847953216374,"SPP1"
"DPF3",0.0131865079365079,"DPF3"
"ENSG00000234647",0,"ENSG00000234647"
"DST",0,"DST"
"SAMD1",0.00171428571428571,"SAMD1"
"BPNT2",0.0048,"BPNT2"
"FAM153A",0.00180952380952381,"FAM153A"
"TTLL12",0,"TTLL12"
"H1.10",0.00450143540669856,"H1.10"
"ANXA2",0.0125078037904125,"ANXA2"
"ENSG00000261959",0.017608121410753,"ENSG00000261959"
"HBB",0.000941176470588236,"HBB"
"PFKP",0,"PFKP"
"MXD3",0.00627692307692308,"MXD3"
"ARHGEF19",0.00261818181818182,"ARHGEF19"
"ADCY1",0.00155769230769231,"ADCY1"
"STAT3",0.0346080562411445,"STAT3"
"HIRA",0,"HIRA"
"CNNM2",0.00908333333333333,"CNNM2"
"DYRK1A",0.00250821624196237,"DYRK1A"
"HDGF",0.00186607142857143,"HDGF"
"HTRA2",0,"HTRA2"
"INSC",0.0171618686868687,"INSC"
"PAPOLB",0,"PAPOLB"
"HAS2",0.00601666666666667,"HAS2"
"TANC1",0.00186666666666667,"TANC1"
"CSPG4P10",0.000916666666666667,"CSPG4P10"
"BAZ1A",0.00175,"BAZ1A"
"LINC02003",0.0043578431372549,"LINC02003"
"ENSG00000274105",0.000909090909090909,"ENSG00000274105"
"SEMA3D",0,"SEMA3D"
"ENSG00000274642",0.000928571428571429,"ENSG00000274642"
"HBA2",0.00696980676328502,"HBA2"
"ENSG00000287603",0,"ENSG00000287603"
"KDELR2",0.00723571428571428,"KDELR2"
"AMMECR1",9e-04,"AMMECR1"
"MMP7",0.00175,"MMP7"
"CA2",0.00492916666666667,"CA2"
"H3C12",0.0188537698412698,"H3C12"
"ZNF367",0.000928571428571429,"ZNF367"
"NUDT1",0.00731862745098039,"NUDT1"
"ANKRD9",0.00178947368421053,"ANKRD9"
"CCDC8",0,"CCDC8"
"ATRIP",0.0009375,"ATRIP"
"MAN2A2",0,"MAN2A2"
"SLC35B2",0.0084140350877193,"SLC35B2"
"MEDAG",0.0267408496732026,"MEDAG"
"PENK",0.0185859649122807,"PENK"
"P3H3",0.0126551226551227,"P3H3"
"H2BC7",9e-04,"H2BC7"
"AKAP8L",0.00177777777777778,"AKAP8L"
"MINPP1",0,"MINPP1"
"ENSG00000267009",0,"ENSG00000267009"
"TMEM86B",0.00797745098039216,"TMEM86B"
"NAV1",0,"NAV1"
"CYP26B1",0.0138079710144928,"CYP26B1"
"CDCA4",0,"CDCA4"
"GUCD1",0.000941176470588236,"GUCD1"
"CILP2",0.00183216783216783,"CILP2"
"B3GNT9",0.0610055256797315,"B3GNT9"
"ENSG00000268530",0.00188194444444444,"ENSG00000268530"
"TCF3",0.0215865424430642,"TCF3"
"PDPN",0.0102888888888889,"PDPN"
"H1.5",0.000923076923076923,"H1.5"
"MT1G",0.00621681749622926,"MT1G"
"PCDHGC3",0,"PCDHGC3"
"E2F7",0.0104648809523809,"E2F7"
"RPL26P6",0.00363888888888889,"RPL26P6"
"CDK15",0,"CDK15"
"MIR100HG",0.0145459024635495,"MIR100HG"
"FOXP4",0.0055452380952381,"FOXP4"
"DDIT4L",0.000928571428571429,"DDIT4L"
"XK",0.00571666666666667,"XK"
"EIF5AP2",0,"EIF5AP2"
"TACC3",0,"TACC3"
"LAMB3",0.00438194444444444,"LAMB3"
"KRT8P18",0,"KRT8P18"
"ANK3",0.0346271681749623,"ANK3"
"SSTR5.AS1",0.00190652173913043,"SSTR5.AS1"
"LMO1",0,"LMO1"
"CILP",0,"CILP"
"CDH2",0.00173333333333333,"CDH2"
"H3C3",0.00344117647058824,"H3C3"
"OLFML2B",0.00435555555555556,"OLFML2B"
"MKNK2",0.00917956120247142,"MKNK2"
"ENSG00000197320",0,"ENSG00000197320"
"TMEM35A",0.00173333333333333,"TMEM35A"
"GTF2IRD1",0.000949999999999999,"GTF2IRD1"
"RHAG",0,"RHAG"
"S1PR3",0.00292412617220801,"S1PR3"
"TMOD1",0,"TMOD1"
"CLSPN",0.00628989898989899,"CLSPN"
"BAIAP2L1",0.001875,"BAIAP2L1"
"FAT1",0,"FAT1"
"LINC00205",0.00517008547008547,"LINC00205"
"EZH2",0,"EZH2"
"DHDDS.AS1",0,"DHDDS.AS1"
"ERRFI1",0.00605,"ERRFI1"
"ENSG00000255746",8e-04,"ENSG00000255746"
"SCX",0.0160825906120024,"SCX"
"NDUFC2.KCTD14",0.00263967611336032,"NDUFC2.KCTD14"
"RRAD",0,"RRAD"
"SIAH2",0.00373809523809524,"SIAH2"
"ABCB11",0,"ABCB11"
"VRK1",0.0185600526924056,"VRK1"
"ENSG00000283390",0.00366231884057971,"ENSG00000283390"
"XRCC6P4",0.0009375,"XRCC6P4"
"ENSG00000287362",0,"ENSG00000287362"
"ENSG00000236501",0.000944444444444445,"ENSG00000236501"
"KRT13",0.000949999999999999,"KRT13"
"GTF3C5",0.00971488095238095,"GTF3C5"
"SOD3",0.0054,"SOD3"
"RPS6KB2",0.00528333333333333,"RPS6KB2"
"H2AC21",0,"H2AC21"
"MAP1A",0.000933333333333334,"MAP1A"
"TBC1D22B",0,"TBC1D22B"
"LTBP3",0,"LTBP3"
"SNCA",0.00854018296804675,"SNCA"
"CAPN14",0.0223541423231052,"CAPN14"
"ANKLE1",0.0161708333333333,"ANKLE1"
"SPC24",0,"SPC24"
"CELSR1",0.028390350877193,"CELSR1"
"PCOLCE2",0.0121105263157895,"PCOLCE2"
"HOXC10",0.0263379747703277,"HOXC10"
"ENSG00000286369",0,"ENSG00000286369"
"FIBIN",0.0054,"FIBIN"
"FERMT3",0.0106661084529506,"FERMT3"
"HJURP",0.01135,"HJURP"
"H2BC21",0.000941176470588236,"H2BC21"
"GPC1",0,"GPC1"
"ENSG00000247903",0.00356818181818182,"ENSG00000247903"
"TEX2",0.0154982556659027,"TEX2"
"OAF",0.000947368421052632,"OAF"
"ENSG00000254348",0.00180952380952381,"ENSG00000254348"
"HNRNPLL",0.00515714285714286,"HNRNPLL"
"PPIB",0.0108140350877193,"PPIB"
"GAPDHP71",0.0016,"GAPDHP71"
"UROS",0,"UROS"
"SNX22",0.00252631578947368,"SNX22"
"LINC01949",8e-04,"LINC01949"
"ENSG00000269600",0.00255,"ENSG00000269600"
"ENSG00000239268",0,"ENSG00000239268"
"ENSG00000240634",0.000666666666666667,"ENSG00000240634"
"GLYR1",0.000949999999999999,"GLYR1"
"UPK3BP1",0.0024,"UPK3BP1"
"TRAF3IP2",0,"TRAF3IP2"
"ENSG00000266980",0.0107320937195348,"ENSG00000266980"
"RBM38",0.00845654761904762,"RBM38"
"PA2G4",0.0557422343222653,"PA2G4"
"DLGAP4",0.0121339285714286,"DLGAP4"
"FAM180A",0.00416450216450216,"FAM180A"
"RN7SL555P",0.00261818181818182,"RN7SL555P"
"CAPN2",0,"CAPN2"
"ECMXP",0,"ECMXP"
"VGLL4",0.00548571428571428,"VGLL4"
"ZNF723",0,"ZNF723"
"ANXA8",0.00263970588235294,"ANXA8"
"MRGPRG",0.000923076923076923,"MRGPRG"
"CCN5",0.0107069616977226,"CCN5"
"SPATS1",0.00260869565217391,"SPATS1"
"EPHB2",0.0193605718842561,"EPHB2"
"C1QTNF6",0,"C1QTNF6"
"INHBA",0.00176470588235294,"INHBA"
"WNT5A",0.00955731523378582,"WNT5A"
"RPIA",0.0152444150148098,"RPIA"
"MYBL2",0.00721809954751131,"MYBL2"
"ENSG00000260496",0.00276358695652174,"ENSG00000260496"
"GATA1",0,"GATA1"
"MAPK14",0,"MAPK14"
"CDC25A",0.000941176470588236,"CDC25A"
"PRR11",0.012440350877193,"PRR11"
"RN7SL769P",0.00345964912280702,"RN7SL769P"
"DPP10",0,"DPP10"
"CRY1",0.0455483856013268,"CRY1"
"SOX5",0.00548571428571428,"SOX5"
"CPEB1.AS1",0,"CPEB1.AS1"
"TSPO2",0,"TSPO2"
"ECRG4",0.000666666666666667,"ECRG4"
"GP9",0.000947368421052632,"GP9"
"GPSM1",0.00652549019607843,"GPSM1"
"ZCCHC14",0,"ZCCHC14"
"FOXO4",0.00769035087719298,"FOXO4"
"NMNAT3",0,"NMNAT3"
"PLK1",0.000923076923076923,"PLK1"
"TMPO",0.00350757575757576,"TMPO"
"ASAP3",0.0063375,"ASAP3"
"ARID4A",0,"ARID4A"
"EFEMP1",0,"EFEMP1"
"MLPH",0.00252631578947368,"MLPH"
"CAPRIN2",0.00173333333333333,"CAPRIN2"
"NRGN",0.00433947368421053,"NRGN"
"KMT5A",0.0234293650793651,"KMT5A"
"CD5L",0.00933429161138139,"CD5L"
"FOXD3",0.00358739495798319,"FOXD3"
"COL14A1",0.00175,"COL14A1"
"LYL1",0,"LYL1"
"CDH1",0,"CDH1"
"MYO1E",0.000933333333333334,"MYO1E"
"VIM",0,"VIM"
"ENSG00000255191",0.00509117647058824,"ENSG00000255191"
"SLC2A10",0.0054,"SLC2A10"
"ST6GALNAC5",0,"ST6GALNAC5"
"RHOC",0,"RHOC"
"HAUS2",0.127040216963979,"HAUS2"
"PIEZO2",0.00550241327300151,"PIEZO2"
"TMCC2",0.0033375,"TMCC2"
"CREG1",0,"CREG1"
"FAP",0,"FAP"
"ENSG00000264066",0.00345597265221878,"ENSG00000264066"
"LINC00634",0.00181818181818182,"LINC00634"
"ATP1B2",0.00685490196078431,"ATP1B2"
"CMAS",0.00277380952380952,"CMAS"
"CRLF3",0.00155555555555556,"CRLF3"
"PCDHGB5",0,"PCDHGB5"
"PRSS35",0.00688988095238095,"PRSS35"
"MVB12A",0.00176470588235294,"MVB12A"
"H2BC15",0.000949999999999999,"H2BC15"
"SMAD7",0.00627692307692308,"SMAD7"
"H2BU1",0,"H2BU1"
"FAM114A1",0.0200601445123504,"FAM114A1"
"YIF1A",0,"YIF1A"
"PRAF2",0.00269117647058824,"PRAF2"
"HTT.AS",0,"HTT.AS"
"H2BC18",0.000923076923076923,"H2BC18"
"ENSG00000275709",0,"ENSG00000275709"
"LINC01667",0,"LINC01667"
"CHST2",0,"CHST2"
"ZBTB20",0.00577225672877847,"ZBTB20"
"ANK2",0.0024,"ANK2"
"C1S",0.0159388888888889,"C1S"
"SMO",0,"SMO"
"CNN3",0.00568888888888889,"CNN3"
"DCUN1D2",0.0127038845442483,"DCUN1D2"
"ENSG00000259219",0,"ENSG00000259219"
"MUC5B",0.00793175250961629,"MUC5B"
"NHLRC4",0.00260952380952381,"NHLRC4"
"BSDC1",0.00434142156862745,"BSDC1"
"BCAT1",0.00878719806763285,"BCAT1"
"H2BC9",0,"H2BC9"
"ENSG00000225057",0.0161845238095238,"ENSG00000225057"
"HEPH",0.0588940879253186,"HEPH"
"KDELR3",0.014178360922068,"KDELR3"
"EFEMP2",0.00627692307692308,"EFEMP2"
"BAG3",0,"BAG3"
"DIO2",0.00915986842105263,"DIO2"
"NFE2",0.000933333333333334,"NFE2"
"SPOCK1",0.00672941176470588,"SPOCK1"
"H2AC4",0.00171428571428571,"H2AC4"
"LINC02436",0,"LINC02436"
"SMIM5",0.01142564499484,"SMIM5"
"COPG1",0.00700401002506266,"COPG1"
"ENSG00000273162",0.00282312091503268,"ENSG00000273162"
"SLC39A7",0,"SLC39A7"
"SLC25A37",0.00446666666666667,"SLC25A37"
"CYP27C1",0.00601666666666667,"CYP27C1"
"DTX3",0.038238872750057,"DTX3"
"ENSG00000226578",0,"ENSG00000226578"
"ABCA7",0,"ABCA7"
"TPM3P7",0.0105631907308378,"TPM3P7"
"NCAPH",0,"NCAPH"
"H3C13",0,"H3C13"
"MFSD2B",0.00235714285714286,"MFSD2B"
"TMEM43",0.0223768740031898,"TMEM43"
"TLDC2",0,"TLDC2"
"FZD10.AS1",0.037609354268023,"FZD10.AS1"
"GCLC",0.000947368421052632,"GCLC"
"IER5L",0,"IER5L"
"IGLJCOR18",0.00187777777777778,"IGLJCOR18"
"MARCO",0.0225956599337606,"MARCO"
"TSPAN5",0,"TSPAN5"
"LDHA",0.00102564102564103,"LDHA"
"KCTD15",0,"KCTD15"
"DIXDC1",0,"DIXDC1"
"HCN4",0,"HCN4"
"DMBT1",0,"DMBT1"
"FANCA",0.00171428571428571,"FANCA"
"CA1",0.00362735507246377,"CA1"
"EPB41",0.0061711161387632,"EPB41"
"DPYSL3",0.0120333333333333,"DPYSL3"
"ENSG00000261342",0.0165052005012531,"ENSG00000261342"
"CDH10",0,"CDH10"
"ENSG00000253988",0.00696799932523617,"ENSG00000253988"
"JAG1",0,"JAG1"
"IL13RA1",0.280518098821543,"IL13RA1"
"C17orf99",0,"C17orf99"
"ENSG00000271811",0.0121590909090909,"ENSG00000271811"
"LINC02610",0.00357619047619048,"LINC02610"
"PIP5K1B",0,"PIP5K1B"
"COLEC11",0.0035672514619883,"COLEC11"
"ENSG00000236069",0.000933333333333334,"ENSG00000236069"
"RPH3A",0.013354033758639,"RPH3A"
"HNF4A.AS1",0.00494035087719298,"HNF4A.AS1"
"MACROH2A2",0.0139801587301587,"MACROH2A2"
"APEH",0.0135597222222222,"APEH"
"H4C6",0.0009375,"H4C6"
"SEC14L4",0.00167307692307692,"SEC14L4"
"ENSG00000271654",0,"ENSG00000271654"
"WNT7B",0.00322058823529412,"WNT7B"
"HNRNPAB",0.0141645299145299,"HNRNPAB"
"FAM20C",0,"FAM20C"
"CREB3L2",0.00344761904761905,"CREB3L2"
"PKMYT1",0.0131059523809524,"PKMYT1"
"SMC4",0,"SMC4"
"RCL1",0.0285207282913165,"RCL1"
"BAG1",0.00808283850652272,"BAG1"
"ZNF521",0,"ZNF521"
"ZNF620",0.0217728174603175,"ZNF620"
"MPP1",0.00339366515837104,"MPP1"
"TSPAN11",0.00275689223057644,"TSPAN11"
"AHI1",0.16573684091723,"AHI1"
"EMILIN1",0.000933333333333334,"EMILIN1"
"TRIM14",0,"TRIM14"
"SOBP",0,"SOBP"
"FSTL1",0.00979607843137255,"FSTL1"
"ROCK1",0.00323809523809524,"ROCK1"
"SETBP1",0.0208577380952381,"SETBP1"
"ENSG00000241411",0.000666666666666667,"ENSG00000241411"
"PDLIM3",0.00515714285714286,"PDLIM3"
"TEX264",0.0369172930655516,"TEX264"
"H2BC14",0,"H2BC14"
"LGALS3",0.00442857142857143,"LGALS3"
"GLI1",0,"GLI1"
"PDE4DIP",0.0270761363636364,"PDE4DIP"
"PDIA3",0.00568888888888889,"PDIA3"
"SOX6",0.00167857142857143,"SOX6"
"PRDX4",0.032918485272897,"PRDX4"
"SLC4A3",0.0111142857142857,"SLC4A3"
"YY1",0.00594761904761905,"YY1"
"H2BC11",0,"H2BC11"
"TXLNA",0.000933333333333334,"TXLNA"
"COL10A1",0.00538213463523061,"COL10A1"
"GUCA2A",0,"GUCA2A"
"PLEKHA3",0.0330727249874309,"PLEKHA3"
"EFS",0,"EFS"
"CDC20",0.000928571428571429,"CDC20"
"ZNF826P",0.00270964912280702,"ZNF826P"
"PDIA4",0.00186190476190476,"PDIA4"
"MCM4",0,"MCM4"
"GLIS2",0.00357717611336032,"GLIS2"
"AURKA",0,"AURKA"
"GNB5",0.00617543859649123,"GNB5"
"MT2A",0.000941176470588236,"MT2A"
"MIR22HG",0,"MIR22HG"
"POLA2",0.0225278711484594,"POLA2"
"FAM106C",0,"FAM106C"
"H3C7",0,"H3C7"
"ENSG00000236673",0,"ENSG00000236673"
"RN7SL681P",0.00363194444444444,"RN7SL681P"
"GRIK3",0.00258974358974359,"GRIK3"
"KBTBD12",0,"KBTBD12"
"DBF4B",0.0133166666666667,"DBF4B"
"FAM222A",0.00805470085470085,"FAM222A"
"IGHJ4",0,"IGHJ4"
"FGD1",0.00163636363636364,"FGD1"
"LMO2",8e-04,"LMO2"
"LDB1",0.00573529411764706,"LDB1"
"BCL9",0.0183465709728868,"BCL9"
"DLK1",0,"DLK1"
"TMEM213",0,"TMEM213"
"BAIAP2",0.00571666666666667,"BAIAP2"
"ENSG00000270638",0.00187545787545788,"ENSG00000270638"
"RANGAP1",0.0018578431372549,"RANGAP1"
"SHISAL1",0.00747412587412587,"SHISAL1"
"FANCD2",0.0009375,"FANCD2"
"HBG1",0,"HBG1"
"RAD23A",0.00186607142857143,"RAD23A"
"PRKAB1",0.0179782726045884,"PRKAB1"
"ENSG00000284070",0.00363772175536881,"ENSG00000284070"
"COL2A1",0.00325228758169935,"COL2A1"
"DPM3",0,"DPM3"
"RDM1",0,"RDM1"
"CYP27A1",0,"CYP27A1"
"PPIAP22",0.0128635025062657,"PPIAP22"
"ESPN",0,"ESPN"
"ENSG00000278893",0.0150883040935672,"ENSG00000278893"
"HHIPL2",0.00469920634920635,"HHIPL2"
"ENSG00000286954",0.00176470588235294,"ENSG00000286954"
"H2BC8",0.0009375,"H2BC8"
"FOXD1",0.00262575757575758,"FOXD1"
"MXRA8",0.00166666666666667,"MXRA8"
"AGAP1",0,"AGAP1"
"TMEM14B",0.0136791666666667,"TMEM14B"
"RANBP1",0.00902202380952381,"RANBP1"
"ENSG00000236319",0,"ENSG00000236319"
"ITGB5",0.0074625,"ITGB5"
"SCNN1B",0.021248559681483,"SCNN1B"
"CLN6",0.00533888888888889,"CLN6"
"H3C8",0,"H3C8"
"LINC00511",0.00075,"LINC00511"
"GAD1",0.0323957264373054,"GAD1"
"ITPRID1",0.00173333333333333,"ITPRID1"
"SPAG6",0.00175,"SPAG6"
"LINC01168",0.000949999999999999,"LINC01168"
"CDKN2D",0.00175,"CDKN2D"
"LMTK2",0.0306806605975724,"LMTK2"
"ENSG00000287684",0,"ENSG00000287684"
"DEK",0.0119935897435897,"DEK"
"CDCA8",0,"CDCA8"
"MXI1",0.00472777777777778,"MXI1"
"RNGTT",0.00273947368421053,"RNGTT"
"ENSG00000279198",0.113892212148017,"ENSG00000279198"
"CGNL1",0.0100974937343358,"CGNL1"
"GRM6",0.000666666666666667,"GRM6"
"MYOF",0,"MYOF"
"CEACAM16.AS1",0.0108924369747899,"CEACAM16.AS1"
"NUP50",0.00736666666666667,"NUP50"
"LAMB2",0,"LAMB2"
"S100A6",0.00872914272428339,"S100A6"
"TAFA1",0.0033015873015873,"TAFA1"
"ERGIC1",0.0436147002292513,"ERGIC1"
"GLG1",0.0106428571428571,"GLG1"
"DMBT1L1",0,"DMBT1L1"
"CNPY3",0,"CNPY3"
"GNAZ",0.0119928672918443,"GNAZ"
"RACGAP1",0,"RACGAP1"
"SLC37A1",0.00157720588235294,"SLC37A1"
"KIF18B",0,"KIF18B"
"CRABP1",0.00668711201079622,"CRABP1"
"ENSG00000231424",0,"ENSG00000231424"
"H2BC17",0.00696111111111111,"H2BC17"
"ATP2B4",0.0231559523809524,"ATP2B4"
"ENSG00000263276",0.00177777777777778,"ENSG00000263276"
"WWTR1",0,"WWTR1"
"ZCCHC3",0.00392727272727273,"ZCCHC3"
"DHCR24",0.000928571428571429,"DHCR24"
"ZFPM1",0,"ZFPM1"
"SH3PXD2B",0.00169230769230769,"SH3PXD2B"
"SNAI2",0.0048,"SNAI2"
"GLUD1",0.00340106951871658,"GLUD1"
"TMEM120B",0.0112970760233918,"TMEM120B"
"THBS1",0.0661770338579549,"THBS1"
"TNNI3",0.0100974937343358,"TNNI3"
"FBN1",0.0121,"FBN1"
"PPME1",0.00277777777777778,"PPME1"
"SAA1",0,"SAA1"
"KIF11",0.00353333333333333,"KIF11"
"CDYL",0.00171428571428571,"CDYL"
"ALOX12",0,"ALOX12"
"CATIP",0.000923076923076923,"CATIP"
"YPEL4",0,"YPEL4"
"PSTPIP2",0.00186057692307692,"PSTPIP2"
"C9orf78",0.0124928785868414,"C9orf78"
"SUSD5",0,"SUSD5"
"LINC01482",0.000923076923076923,"LINC01482"
"BTBD16",0.000933333333333334,"BTBD16"
"WNT9A",0.00104761904761905,"WNT9A"
"PPP2R3B",0.00746811660561661,"PPP2R3B"
"ITPR3",0.0104306614953674,"ITPR3"
"H2AW",0,"H2AW"
"ENSG00000268119",0.0070638326585695,"ENSG00000268119"
"VASN",0.00564821428571428,"VASN"
"TRIM52",0.0223644841269841,"TRIM52"
"GPR31",0,"GPR31"
"DPYSL4",0.00519875222816399,"DPYSL4"
"LMNA",0,"LMNA"
"ENSG00000254102",0,"ENSG00000254102"
"RGSL1",0,"RGSL1"
"SAMD4A",0,"SAMD4A"
"CCN4",0.00075,"CCN4"
"C1orf122",0.00166666666666667,"C1orf122"
"FAM155A",0.00652456140350877,"FAM155A"
"IFRD2",0.00353208556149733,"IFRD2"
"ADSS1",0.0193581871345029,"ADSS1"
"EPS8L2",0,"EPS8L2"
"ROR1",0.0161914882331291,"ROR1"
"AK4",0,"AK4"
"NCKAP5L",0.0102151629072682,"NCKAP5L"
"MED25",0.00409047619047619,"MED25"
"SCYGR2",0.0105925583188741,"SCYGR2"
"CENPL",0.0174196172248804,"CENPL"
"H19",0,"H19"
"B4GALNT3",0.020065811965812,"B4GALNT3"
"DHFR",0.0149753715840403,"DHFR"
"SNRPD3",0.0440640978142122,"SNRPD3"
"CHST3",0.000923076923076923,"CHST3"
"HIRIP3",0.0074984126984127,"HIRIP3"
"CD44",0.00620111111111111,"CD44"
"H2BC12",0.00175,"H2BC12"
"TPST1",0.00434210526315789,"TPST1"
"ENSG00000286951",0,"ENSG00000286951"
"H4C2",0.000947368421052632,"H4C2"
"ARC",0,"ARC"
"CCP110",0.0169092445351346,"CCP110"
"BIRC5",0.00901556064073226,"BIRC5"
"SIVA1",0.0276194444444444,"SIVA1"
"AMOTL1",0,"AMOTL1"
"TLCD3A",0,"TLCD3A"
"LINC01620",0.00385252525252525,"LINC01620"
"IGFBP2",0.00674607843137255,"IGFBP2"
"CRACD",0,"CRACD"
"ENSG00000260641",0,"ENSG00000260641"
"PCSK2",0.0054,"PCSK2"
"KARS1P2",0.00683313570487484,"KARS1P2"
"ACSL6",0,"ACSL6"
"SH3BGRL3",0.00617441196574324,"SH3BGRL3"
"H2AC12",0.00182307692307692,"H2AC12"
"MBOAT2",0.00188787878787879,"MBOAT2"
"ATP8B4",8e-04,"ATP8B4"
"SEC23A",0,"SEC23A"
"HSPB8",0,"HSPB8"
"MZT2A",0.00180952380952381,"MZT2A"
"ULBP3",0.00767559523809524,"ULBP3"
"ENSG00000287125",0,"ENSG00000287125"
"KIF23",0.00868853695324284,"KIF23"
"KRT7",0.00435952380952381,"KRT7"
"SRM",0.0171351761757334,"SRM"
"RNF220",0.00554716202270382,"RNF220"
"FAM20B",0.0015952380952381,"FAM20B"
"EXT2",0,"EXT2"
"LINC01235",0,"LINC01235"
"SERPINH1",0.00173333333333333,"SERPINH1"
"ENSG00000259362",0.00188988095238095,"ENSG00000259362"
"ATG4D",0,"ATG4D"
"GANAB",0.0783701995931485,"GANAB"
"PHIP",0,"PHIP"
"CEP250",0,"CEP250"
"ENSG00000242628",0.000804761904761905,"ENSG00000242628"
"LINC00475",0,"LINC00475"
"ZNF503",0,"ZNF503"
"SIGLEC5",0,"SIGLEC5"
"HECTD4",0,"HECTD4"
"ENSG00000267605",0,"ENSG00000267605"
"ADAMTS7",0,"ADAMTS7"
"LDLR",0.0116841535276318,"LDLR"
"H2AC20",0,"H2AC20"
"ID1",0,"ID1"
"FNDC3B",0.00842071238702818,"FNDC3B"
"TCL6",0.0134955710955711,"TCL6"
"ACTBP4",0,"ACTBP4"
"PARM1",0.000947368421052632,"PARM1"
"MAL",0,"MAL"
"TFDP2",0.0147677727501257,"TFDP2"
"PLXNA1",0.01115,"PLXNA1"
"MAN1A1",0.00557719298245614,"MAN1A1"
"SLC29A3",0.0114563029076187,"SLC29A3"
"ENSG00000234426",0.00403333333333333,"ENSG00000234426"
"TMC6",0.00820633021948811,"TMC6"
"BRD3",0.00632087912087912,"BRD3"
"HEXD",0.000933333333333334,"HEXD"
"CBARP.DT",0,"CBARP.DT"
"LINC02772",0.0233936220642103,"LINC02772"
"FAM72A",0.000923076923076923,"FAM72A"
"DBN1",0,"DBN1"
"LMAN1",0.00485584415584416,"LMAN1"
"GGCX",0.00925225019069413,"GGCX"
"MPZL1",0,"MPZL1"
"UVRAG.DT",0,"UVRAG.DT"
"C22orf31",0,"C22orf31"
"ENSG00000243762",0.00902923976608187,"ENSG00000243762"
"WNK1",0.00775942028985507,"WNK1"
"SPAG5",0.0009375,"SPAG5"
"C9orf40",0.000916666666666667,"C9orf40"
"HPS4",0.00538245614035088,"HPS4"
"RTL8B",0.00278985507246377,"RTL8B"
"CHRD",0,"CHRD"
"GAS7",0.0190359997029115,"GAS7"
"KLF13",0,"KLF13"
"SCG2",0.00691141304347826,"SCG2"
"LINC02235",0.00190890269151139,"LINC02235"
"LOX",0.0249119514472456,"LOX"
"AURKB",0,"AURKB"
"IGFBP4",0.000944444444444445,"IGFBP4"
"ENSG00000213280",0.00264285714285714,"ENSG00000213280"
"RPS6P16",0,"RPS6P16"
"HHIP",0.0100695374800638,"HHIP"
"MAN2B2",0.0278483965595808,"MAN2B2"
"ZNF385D",0.00111111111111111,"ZNF385D"
"DCAF12",0.000909090909090909,"DCAF12"
"IQCA1L",0,"IQCA1L"
"FZD1",0.0148327322831967,"FZD1"
"CCNA2",0.00644685771744595,"CCNA2"
"CTSK",0,"CTSK"
"ADAMTS5",0,"ADAMTS5"
"ENSG00000258790",0,"ENSG00000258790"
"AOPEP",0.0035,"AOPEP"
"CDK14",0.0024,"CDK14"
"DLX5",0,"DLX5"
"MRAP2",0,"MRAP2"
"CA5B",0.00344761904761905,"CA5B"
"ZNF131",0.0276239718614719,"ZNF131"
"ENSG00000259999",0.0097527950310559,"ENSG00000259999"
"MOV10L1",0,"MOV10L1"
"FAM171A1",0,"FAM171A1"
"GSDME",0.0110327380952381,"GSDME"
"GAPDHP68",0.00189117647058823,"GAPDHP68"
"OR4D9",0,"OR4D9"
"BSG",0,"BSG"
"RALBP1",0.00266883116883117,"RALBP1"
"FLRT3",0.00432754010695187,"FLRT3"
"RHOD",0,"RHOD"
"LINC01133",0.00692658920027341,"LINC01133"
"TRBV29.1",0.00187083333333333,"TRBV29.1"
"RCN1",0.00338194444444444,"RCN1"
"COL11A2",0.000923076923076923,"COL11A2"
"TMEM119",0.0227057644110276,"TMEM119"
"KCTD9P1",0.0018968253968254,"KCTD9P1"
"B4GALT2",0.0283468487394958,"B4GALT2"
"FBXL7",0,"FBXL7"
"STC2",0,"STC2"
"BICC1",0,"BICC1"
"ENSG00000276810",0.000941176470588236,"ENSG00000276810"
"ASB11",0.00186607142857143,"ASB11"
"C5orf17",0,"C5orf17"
"ENSG00000280414",0.000928571428571429,"ENSG00000280414"
"RAPGEF2",0,"RAPGEF2"
"TMED3",0.0061875,"TMED3"
"RAB9B",0.000933333333333334,"RAB9B"
"LHX2",0,"LHX2"
"H3C10",0,"H3C10"
"ENSG00000205236",0.000944444444444445,"ENSG00000205236"
"SPRY2",0,"SPRY2"
"HDAC1P2",0,"HDAC1P2"
"CR1L",0.000928571428571429,"CR1L"
"SH3BP4",0.0271509483937115,"SH3BP4"
"H2BC6",0.000923076923076923,"H2BC6"
"SLC39A6",0.0258201923076923,"SLC39A6"
"KCNQ4",0,"KCNQ4"
"FLCN",0.00434915966386555,"FLCN"
"CBLB",0.0260168492755954,"CBLB"
"CTCF",0.00187867647058824,"CTCF"
"MTRF1",0,"MTRF1"
"TMEM214",0.0103912878787879,"TMEM214"
"HSPA8P4",0,"HSPA8P4"
"ENSG00000251532",0.00675395781119465,"ENSG00000251532"
"PTN",0.00183888888888889,"PTN"
"BNC2",0.00163636363636364,"BNC2"
"SLC35E4",0.011290404040404,"SLC35E4"
"TSC22D4",0.00911666666666667,"TSC22D4"
"LINC02055",0,"LINC02055"
"CDCA7L",0.00494035087719298,"CDCA7L"
"RNU1.19P",0.034463242721331,"RNU1.19P"
"ENSG00000261136",0.00185714285714286,"ENSG00000261136"
"H2BC13",0.00674029771398192,"H2BC13"
"SRPX",0.00809786967418546,"SRPX"
"ENSG00000275437",0.0323625323206206,"ENSG00000275437"
"ENSG00000280356",0,"ENSG00000280356"
"ENSG00000261222",0,"ENSG00000261222"
"EVA1B",0,"EVA1B"
"RN7SL344P",0.0183267215455683,"RN7SL344P"
"H2AC7",0,"H2AC7"
"NRROS",0.0041236802413273,"NRROS"
"PLCD1",0.0169738562091503,"PLCD1"
"MYB",0.00653333333333333,"MYB"
"RIPOR3",0.00333462332301342,"RIPOR3"
"TMED2",0.0187570054945055,"TMED2"
"ITIH6",0,"ITIH6"
"ENSG00000224077",0,"ENSG00000224077"
"CHSY3",0.0018875,"CHSY3"
"DDX12P",0.00552944862155388,"DDX12P"
"ALYREF",0,"ALYREF"
"TCP10L",0.00755434782608696,"TCP10L"
"ARSA",0.00173333333333333,"ARSA"
"POLQ",0.00348333333333333,"POLQ"
"APOBEC2",0,"APOBEC2"
"FAM86HP",0.0134700377838536,"FAM86HP"
"PELO",0.000928571428571429,"PELO"
"PHKA2.AS1",0.00572899159663866,"PHKA2.AS1"
"LMNB2",0,"LMNB2"
"FXYD7",0,"FXYD7"
"SLC25A48",0,"SLC25A48"
"H4C4",0.0018,"H4C4"
"ZNF415",0,"ZNF415"
"GBX1",0.0018,"GBX1"
"KCNH2",0.00075,"KCNH2"
"MAP4K2",0,"MAP4K2"
"ENSG00000233586",0.000933333333333334,"ENSG00000233586"
"DBET",0.000941176470588236,"DBET"
"SH3TC2",0.0193733893557423,"SH3TC2"
"CATSPERG",0.00676593406593407,"CATSPERG"
"SNAI1",0.00241666666666667,"SNAI1"
"LIG1",0.0176815476190476,"LIG1"
"SLCO1C1",0.00178070175438597,"SLCO1C1"
"ENSG00000267990",0.00169230769230769,"ENSG00000267990"
"MFSD2A",0.00529305555555556,"MFSD2A"
"ADCY3",0.0130436507936508,"ADCY3"
"FAM237B",0,"FAM237B"
"KRT18P12",0.000666666666666667,"KRT18P12"
"PHYHIP",0.00882083333333333,"PHYHIP"
"ELF3.AS1",0,"ELF3.AS1"
"TERF2IP",0,"TERF2IP"
"MIR548A1HG",0,"MIR548A1HG"
"ENSG00000255655",0.00177777777777778,"ENSG00000255655"
"TCF19",0,"TCF19"
"ENSG00000279933",0,"ENSG00000279933"
"ID2",0.0157997155407372,"ID2"
"SLC2A1.AS1",0.0215760360554478,"SLC2A1.AS1"
"FAM160B2",0.00441514041514042,"FAM160B2"
"ISM1",0.00434210526315789,"ISM1"
"GALNT18",0.00075,"GALNT18"
"ENSG00000279879",0,"ENSG00000279879"
"ESPL1",0,"ESPL1"
"H2AC16",0.000933333333333334,"H2AC16"
"CRACR2B",0.0220656501393344,"CRACR2B"
"FBXO7",0.00412980769230769,"FBXO7"
"SSR3",0.0488587884037187,"SSR3"
"SGCE",0.00994529914529915,"SGCE"
"C6orf132",0.0279898216979099,"C6orf132"
"BACE2.IT1",0.000923076923076923,"BACE2.IT1"
"ENSG00000276744",0.0313627320373349,"ENSG00000276744"
"UBALD2",0,"UBALD2"
"ARHGAP33",0,"ARHGAP33"
"ATP8B2",0.00806185897435897,"ATP8B2"
"TUBG1",0,"TUBG1"
"PHPT1",0.017409653092006,"PHPT1"
"XRCC3",0,"XRCC3"
"ENSG00000224067",0.00171428571428571,"ENSG00000224067"
"ENSG00000285688",0.00175,"ENSG00000285688"
"PAMR1",0.0182431695755225,"PAMR1"
"MT1E",0,"MT1E"
"MAP3K5",0.00252631578947368,"MAP3K5"
"USP2",0,"USP2"
"ENSG00000279907",8e-04,"ENSG00000279907"
"CNTF",0,"CNTF"
"PNPLA1",0.00133333333333333,"PNPLA1"
"SIRT5",0.00365,"SIRT5"
"HIC2",0.00667380952380952,"HIC2"
"MKI67",0.000947368421052632,"MKI67"
"NPRL3",0.000888888888888889,"NPRL3"
"H3C2",0.00462421328671329,"H3C2"
"KIF24",0.00182608695652174,"KIF24"
"MT1X",0.00176470588235294,"MT1X"
"SHISA4",0.0157680137844611,"SHISA4"
"PIF1",0,"PIF1"
"CDC45",0.00274117647058824,"CDC45"
"HOXC12",0.00348333333333333,"HOXC12"
"PTHLH",0.00185164835164835,"PTHLH"
"CFAP97D2",0,"CFAP97D2"
"ENSG00000263207",0.0074969040247678,"ENSG00000263207"
"NT5DC2",0.00851379037629038,"NT5DC2"
"KCNS1",0.000923076923076923,"KCNS1"
"ATP6V1G1",0.00995,"ATP6V1G1"
"CENPF",0.0189410256410256,"CENPF"
"E2F4",0,"E2F4"
"WASHC2A",0.00462171052631579,"WASHC2A"
"KIAA0319L",0,"KIAA0319L"
"APOBEC3B",0.0018,"APOBEC3B"
"ENSG00000286741",0,"ENSG00000286741"
"GSTA4",0.0241292683322869,"GSTA4"
"ENSG00000253105",0.0009375,"ENSG00000253105"
"CD99",0,"CD99"
"MVP",0.0523273674854557,"MVP"
"SENCR",0.0137926820728291,"SENCR"
"CEP192",0,"CEP192"
"FZD5",0.00338333333333333,"FZD5"
"TDRKH.AS1",0.00169230769230769,"TDRKH.AS1"
"GTSE1",0.00075,"GTSE1"
"TYRO3P",0,"TYRO3P"
"ENSG00000268047",0,"ENSG00000268047"
"H2BC5",0.000928571428571429,"H2BC5"
"ATG3",0.000933333333333334,"ATG3"
"MFAP4",0.00176470588235294,"MFAP4"
"ENSG00000288559",0.0103792824865193,"ENSG00000288559"
"FBXW8",0.0043078431372549,"FBXW8"
"EXT1",0.000952380952380953,"EXT1"
"PRR5",0,"PRR5"
"HLX",0.00184736842105263,"HLX"
"EVC",0,"EVC"
"PRUNE2",0,"PRUNE2"
"LY6G6F.LY6G6D",0.000928571428571429,"LY6G6F.LY6G6D"
"YWHAH",0.00946363636363636,"YWHAH"
"SEL1L",0.005,"SEL1L"
"MAST2",0.000944444444444445,"MAST2"
"TRAK2",0,"TRAK2"
"TTC9",0.0223040266106443,"TTC9"
"AUTS2",0.000941176470588236,"AUTS2"
"IDUA",0.00655,"IDUA"
"LAPTM4A",0.000923076923076923,"LAPTM4A"
"AVL9",0.00348476621417798,"AVL9"
"H2AC13",0.00181666666666667,"H2AC13"
"ENSG00000256950",0.0080933223639106,"ENSG00000256950"
"NFATC1",0.00167307692307692,"NFATC1"
"NYNRIN",0,"NYNRIN"
"ENSG00000266922",0,"ENSG00000266922"
"GCNT2",0.00734217361585783,"GCNT2"
"VIT",0.027131961824725,"VIT"
"ENSG00000287916",0.00169230769230769,"ENSG00000287916"
"ENSG00000286389",0.000928571428571429,"ENSG00000286389"
"NDUFAF2P2",0,"NDUFAF2P2"
"STEAP2",0.0316055555555556,"STEAP2"
"PHETA2",0.0206967418546366,"PHETA2"
"NRK",0,"NRK"
"BCL2L1",0.0045071105365223,"BCL2L1"
"ENSG00000229052",0,"ENSG00000229052"
"ANTXR1",0.00483636363636364,"ANTXR1"
"LINC01615",0.000944444444444445,"LINC01615"
"FLACC1",0.010109653092006,"FLACC1"
"DNAJA4",0,"DNAJA4"
"CRH",0.00339366515837104,"CRH"
"ID3",0.000916666666666667,"ID3"
"RSAD2",0,"RSAD2"
"IK",0.000933333333333334,"IK"
"BOLA2P3",0.00153725490196078,"BOLA2P3"
"ALDH18A1",0.00465789473684211,"ALDH18A1"
"ENSG00000272754",0.0145973277255566,"ENSG00000272754"
"ENSG00000213304",0.00258119658119658,"ENSG00000213304"
"ENSG00000249592",0.0057294289044289,"ENSG00000249592"
"ARID5B",0.000944444444444445,"ARID5B"
"SLBP",0.00460952380952381,"SLBP"
"FBXL3",0.0128935406698565,"FBXL3"
"SUMF2",0.0123949300699301,"SUMF2"
"ENSG00000265749",0,"ENSG00000265749"
"MTNR1A",0,"MTNR1A"
"FRAT1",0,"FRAT1"
"P4HA1",0.0350337485296295,"P4HA1"
"H2BC4",0.000933333333333334,"H2BC4"
"ARCN1",0.0129395164476047,"ARCN1"
"CLIC4",0.000933333333333334,"CLIC4"
"FAM210B",0.00717321428571428,"FAM210B"
"ENSG00000286999",0.00593357843137255,"ENSG00000286999"
"XIRP1",0.00651587301587302,"XIRP1"
"DTL",0,"DTL"
"ATG14",0.0236697360602933,"ATG14"
"E2F1",0,"E2F1"
"HSPG2",0.00177777777777778,"HSPG2"
"NAV2",0.00892146274777854,"NAV2"
"LIMK1",0.0189369408369408,"LIMK1"
"ADPRHL1",0.00346428571428571,"ADPRHL1"
"RNF5",0.00075,"RNF5"
"CXCL1",0,"CXCL1"
"ZFHX4",0.000666666666666667,"ZFHX4"
"SLC14A1",0.00171428571428571,"SLC14A1"
"LINC01060",0.00150892857142857,"LINC01060"
"PLCXD1",0.0042406015037594,"PLCXD1"
"FARP1",0,"FARP1"
"LPAR1",0.0113002506265664,"LPAR1"
"SLC35D3",0.00412857142857143,"SLC35D3"
"ENSG00000275527",0,"ENSG00000275527"
"MELTF",0.0018640350877193,"MELTF"
"SAMMSON",0,"SAMMSON"
"LINC01160",0.00430519480519481,"LINC01160"
"MMS22L",0.00349450549450549,"MMS22L"
"ENSG00000287811",0,"ENSG00000287811"
"BDKRB2",0,"BDKRB2"
"AGAP2",0.00553838383838384,"AGAP2"
"CAMSAP2",0,"CAMSAP2"
"ITGA2B",0,"ITGA2B"
"TRIP10",0,"TRIP10"
"CARS2",0.00409022556390978,"CARS2"
"NDOR1",0.00333333333333333,"NDOR1"
"CA9",0.00574603174603174,"CA9"
"TALDO1",0.000944444444444445,"TALDO1"
"SHC1",0.00992239422084623,"SHC1"
"TOP1MT",0.00497777777777778,"TOP1MT"
"TUBA1A",0.00753333333333333,"TUBA1A"
"PSAPL1",0,"PSAPL1"
"PHBP7",0.0025,"PHBP7"
"RAB11FIP5",0,"RAB11FIP5"
"SLC22A16",0.00075,"SLC22A16"
"OR7E122P",0,"OR7E122P"
"HAUS5",0.00563333333333333,"HAUS5"
"GPX7",0.00620769230769231,"GPX7"
"ENSG00000280159",0,"ENSG00000280159"
"PTPN14",0,"PTPN14"
"CRYGD",0.000909090909090909,"CRYGD"
"HMGA1",0,"HMGA1"
"SERBP1P1",0,"SERBP1P1"
"ZBTB7C",0.00998333333333333,"ZBTB7C"
"CPZ",0.00788888888888889,"CPZ"
"CCND2.AS1",0.0106993686868687,"CCND2.AS1"
"LINC00235",0.158807270491806,"LINC00235"
"ATP5PO",0.00504201680672269,"ATP5PO"
"ENSG00000111788",0.00204242424242424,"ENSG00000111788"
"MIR124.1HG",0,"MIR124.1HG"
"ZSCAN25",0.0025,"ZSCAN25"
"SLFN13",0.00815192307692308,"SLFN13"
"KLF10",0,"KLF10"
"PDE10A",0,"PDE10A"
"USP4",0.000944444444444445,"USP4"
"SH3GLB2",0,"SH3GLB2"
"CCNE1",0,"CCNE1"
"NF1",0,"NF1"
"ENSG00000236352",0.00358730158730159,"ENSG00000236352"
"MMP11",0.00358498168498169,"MMP11"
"SLC22A23",0,"SLC22A23"
"COG2",0.00434736842105263,"COG2"
"CCR3",0.00352777777777778,"CCR3"
"NDUFB2",0.00853529411764706,"NDUFB2"
"SSH1",0.00175,"SSH1"
"KRTAP16.1",0.000933333333333334,"KRTAP16.1"
"OR2B11",0.00171428571428571,"OR2B11"
"SNAPC2",0.0489669161860709,"SNAPC2"
"FBXO34",0.00472549019607843,"FBXO34"
"LRR1",0.00536511130768097,"LRR1"
"NPFFR1",0,"NPFFR1"
"ST3GAL3",0,"ST3GAL3"
"GAREM1",0.0346646367521368,"GAREM1"
"CENPE",0,"CENPE"
"H4C11",0.000941176470588236,"H4C11"
"SNRPB",0.00186057692307692,"SNRPB"
"MIGA2",0.00666386554621849,"MIGA2"
"TFR2",0.00642222222222222,"TFR2"
"SMPD4BP",0.00177777777777778,"SMPD4BP"
"ORC1",0,"ORC1"
"RFC5",0.00280641025641026,"RFC5"
"IGF1R",0.00268137254901961,"IGF1R"
"S100A10",0.0009375,"S100A10"
"SRPK1",0.000949999999999999,"SRPK1"
"C1QTNF3",9e-04,"C1QTNF3"
"APEX2",0,"APEX2"
"ENSG00000260918",0.00256969696969697,"ENSG00000260918"
"ARSB",0.00451635423400129,"ARSB"
"ENSG00000260418",0,"ENSG00000260418"
"PAPPA",0.000916666666666667,"PAPPA"
"ENSG00000273763",0.00181818181818182,"ENSG00000273763"
"ARVCF",0.0032515406162465,"ARVCF"
"ENSG00000273154",0.00141666666666667,"ENSG00000273154"
"FGFR1OP2",0,"FGFR1OP2"
"EME1",0,"EME1"
"ANGPTL1",0.0042406015037594,"ANGPTL1"
"IFITM4P",0,"IFITM4P"
"ENSG00000178412",0,"ENSG00000178412"
"H4C9",0.00334444444444445,"H4C9"
"DNASE2",0.00178947368421053,"DNASE2"
"TOMM40P3",0.000952380952380953,"TOMM40P3"
"ALDH1A1",0,"ALDH1A1"
"CFL1P1",0.00359803921568627,"CFL1P1"
"KHK",0.0474426369940689,"KHK"
"RRM2",0,"RRM2"
"LARGE1",0,"LARGE1"
"OSR2",0,"OSR2"
"ENSG00000261433",0,"ENSG00000261433"
"ABTB1",0.00499607843137255,"ABTB1"
"SLC6A9",0.00252777777777778,"SLC6A9"
"MORC2.AS1",0.00186666666666667,"MORC2.AS1"
"HSPA7",0.00605,"HSPA7"
"H2AC17",0.000949999999999999,"H2AC17"
"PIP5K1C",0,"PIP5K1C"
"YEATS4",0.00784646542827657,"YEATS4"
"FBLN1",0.0140189102564103,"FBLN1"
"IRX4",0,"IRX4"
"SLC35F3",0.0024,"SLC35F3"
"ENSG00000242474",0,"ENSG00000242474"
"RHBDD2",0.000941176470588236,"RHBDD2"
"RAD51",0.000947368421052632,"RAD51"
"ZNF726",0.00187593984962406,"ZNF726"
"LINC01705",0,"LINC01705"
"SMPD4P1",0.000944444444444445,"SMPD4P1"
"ENSG00000280767",0,"ENSG00000280767"
"TRIM47",0,"TRIM47"
"CELF3",0.00075,"CELF3"
"APP",0,"APP"
"ENSG00000223356",0,"ENSG00000223356"
"HAUS8",0,"HAUS8"
"SEC61A1",0.0410042770095402,"SEC61A1"
"ZMYND8",0.000666666666666667,"ZMYND8"
"PINLYP",0.00423888888888889,"PINLYP"
"PPIC",0,"PPIC"
"CPE",0.00231111111111111,"CPE"
"ITPKB.AS1",0,"ITPKB.AS1"
"ENSG00000286004",0.00175,"ENSG00000286004"
"DNA2",0.0342224495061182,"DNA2"
"ANGPTL4",0,"ANGPTL4"
"SAMD11",0.00595595048226627,"SAMD11"
"RFLNA",0.0283469451815814,"RFLNA"
"SSBP3",0.0009375,"SSBP3"
"GPR157",0.00274450549450549,"GPR157"
"MIR7847",0,"MIR7847"
"VWA1",0,"VWA1"
"PTGS1",0.00185641025641026,"PTGS1"
"H2BP1",0.00327272727272727,"H2BP1"
"ZIC1",0.000888888888888889,"ZIC1"
"PPT2.EGFL8",0.00425964912280702,"PPT2.EGFL8"
"ZFP36L1",0.0024375,"ZFP36L1"
"PDZD3",0,"PDZD3"
"ENSG00000254035",0,"ENSG00000254035"
"ENSG00000259049",0.00496441102756892,"ENSG00000259049"
"CPT1A",0,"CPT1A"
"ENSG00000273151",0.00742307692307692,"ENSG00000273151"
"PLBD2",0.00854358974358974,"PLBD2"
"SLC37A4",0,"SLC37A4"
"EPYC",0,"EPYC"
"CYP46A1",0.00367042606516291,"CYP46A1"
"TUBGCP4",0.00281666666666667,"TUBGCP4"
"XPO6",0,"XPO6"
"DOK5",0,"DOK5"
"ATP10A",0,"ATP10A"
"PLCD3",0,"PLCD3"
"EVPL",0.000833333333333333,"EVPL"
"CLK3",0.000947368421052632,"CLK3"
"EPB41L4A.DT",0.00247058823529412,"EPB41L4A.DT"
"KCNQ1",0,"KCNQ1"
"CICP20",0,"CICP20"
"MAGIX",0.000833333333333333,"MAGIX"
"PKN2",0.00602435897435897,"PKN2"
"CYTL1",0.00180952380952381,"CYTL1"
"GLI2",0,"GLI2"
"ZNF687",0.00341176470588235,"ZNF687"
"C1QL4",0.00481666666666667,"C1QL4"
"RTL8A",0.00560059523809524,"RTL8A"
"PLXNA2",0,"PLXNA2"
"MMP3",0.0084274322169059,"MMP3"
"SNCAIP",0.00188988095238095,"SNCAIP"
"ANXA5",0,"ANXA5"
"PDZK1IP1",0,"PDZK1IP1"
"SART1",0.00225,"SART1"
"ENSG00000249050",0,"ENSG00000249050"
"GFOD1",0.000941176470588236,"GFOD1"
"FAM180B",0,"FAM180B"
"PIK3R6",0.0105837789661319,"PIK3R6"
"RAB34",0.00640401583710407,"RAB34"
"NPC1",0.0018,"NPC1"
"OR2W3",0,"OR2W3"
"VPS37C",0.000947368421052632,"VPS37C"
"TGFB2",0.00626614128905151,"TGFB2"
"ENSG00000284686",0,"ENSG00000284686"
"IGF2BP1",0,"IGF2BP1"
"SNORC",0.00633315217391304,"SNORC"
"STMN1",0.00175,"STMN1"
"PLIN3",0.000916666666666667,"PLIN3"
"USP11",0.00252631578947368,"USP11"
"ENSG00000275120",0.0195584126984127,"ENSG00000275120"
"ENSG00000284620",0.0033625,"ENSG00000284620"
"SIL1",0,"SIL1"
"ITLN1",0.000944444444444445,"ITLN1"
"EFNA5",0.00183216783216783,"EFNA5"
"PLXNB2",0.0066452380952381,"PLXNB2"
"RPN2",0.0309173076923077,"RPN2"
"DSTN",0.00666014492753623,"DSTN"
"SLC39A3",0.00515714285714286,"SLC39A3"
"GFOD2",0.00736666666666667,"GFOD2"
"CDC34",0.0093138326585695,"CDC34"
"PKD1",0.00222039473684211,"PKD1"
"ENC1",0.00628888888888889,"ENC1"
"CYB5D1",0.0173781045751634,"CYB5D1"
"KIF15",0,"KIF15"
"FTO",0.00357777777777778,"FTO"
"H2BC3",0,"H2BC3"
"LINC01795",0,"LINC01795"
"TSPAN2",0.014809707857502,"TSPAN2"
"ENSG00000243018",0.000909090909090909,"ENSG00000243018"
"FOSL1",0,"FOSL1"
"OSBPL8",0,"OSBPL8"
"HBG2",0,"HBG2"
"CD248",0.000933333333333334,"CD248"
"HDLBP",0.00634444444444444,"HDLBP"
"TRAF6",0.0182840474583896,"TRAF6"
"ENSG00000285035",0.00208008658008658,"ENSG00000285035"
"POLL",0.00175,"POLL"
"C1RL",0.0604900307810524,"C1RL"
"ENSG00000279330",0,"ENSG00000279330"
"ENSG00000253252",0,"ENSG00000253252"
"ENSG00000223343",0,"ENSG00000223343"
"SYNPO2L",0.00185641025641026,"SYNPO2L"
"KSR1",0.017550780918428,"KSR1"
"DDX28",0.00368730158730159,"DDX28"
"LINC01128",0.00598511904761905,"LINC01128"
"CENPP",0.00442301587301587,"CENPP"
"SEC14L5",0,"SEC14L5"
"CAMKK2",0.00178947368421053,"CAMKK2"
"LDLRAD3",0.0146741830065359,"LDLRAD3"
"MAP4",0.00270588235294118,"MAP4"
"B4GALNT1",9e-04,"B4GALNT1"
"CHD3",0.00807777777777778,"CHD3"
"H2AC11",0.000941176470588236,"H2AC11"
"FAM225B",0,"FAM225B"
"C4orf3",0.00354529914529915,"C4orf3"
"LINC01844",0,"LINC01844"
"TMED10",0,"TMED10"
"SLC25A38",0,"SLC25A38"
"SLIT3",0.00375261470985155,"SLIT3"
"ENSG00000261056",0.00922980769230769,"ENSG00000261056"
"ENSG00000267559",0,"ENSG00000267559"
"KDM3B",0.0157959407742016,"KDM3B"
"ARX",0,"ARX"
"CHAD",0.00269769820971867,"CHAD"
"NKD1",0.00378104575163399,"NKD1"
"CLSTN1",0.00725465838509317,"CLSTN1"
"FOXF1",0.0116330659536542,"FOXF1"
"ENSG00000288253",0.00345701357466063,"ENSG00000288253"
"HINFP",0,"HINFP"
"DCAF12L2",0.000933333333333334,"DCAF12L2"
"TTLL6",0.0027375,"TTLL6"
"BOC",0,"BOC"
"KDELR1",0,"KDELR1"
"ENO1",0.00269444444444444,"ENO1"
"TBCB",0.017640293040293,"TBCB"
"LNX1",0,"LNX1"
"CYB561",0.00592514619883041,"CYB561"
"SEPTIN8",0.0203286976911977,"SEPTIN8"
"TTC3",0.00699389097744361,"TTC3"
"CRTAP",0,"CRTAP"
"DUSP4",0.0083520202020202,"DUSP4"
"BCL7A",0.0490728174603175,"BCL7A"
"TOP2A",0,"TOP2A"
"ADAMTSL2",0.00160555555555556,"ADAMTSL2"
"RIN2",0.00653333333333333,"RIN2"
"C6orf136",0.000909090909090909,"C6orf136"
"COL13A1",0.000933333333333334,"COL13A1"
"ZNF540",0,"ZNF540"
"COMMD4",0.0026875,"COMMD4"
"MCHR1",0,"MCHR1"
"L1TD1",0.0103721033868093,"L1TD1"
"CCDC116",0.0241110592323054,"CCDC116"
"GPRC5D",0.00175,"GPRC5D"
"TEDC2",0,"TEDC2"
"INPP1",0.00641190476190476,"INPP1"
"DOK4",0.00484848484848485,"DOK4"
"ENSG00000285476",0.000928571428571429,"ENSG00000285476"
"MT1F",0.00481666666666667,"MT1F"
"CCNB2",0.00571666666666667,"CCNB2"
"PHKA2",0.000928571428571429,"PHKA2"
"ENSG00000287826",0.00462857142857143,"ENSG00000287826"
"HYDIN",0.00436974789915966,"HYDIN"
"HP1BP3",0.00563333333333333,"HP1BP3"
"MEG3",0.00247058823529412,"MEG3"
"TDH",0,"TDH"
"FGFR1",8e-04,"FGFR1"
"HELLS",0.00481666666666667,"HELLS"
"H4C8",0.00173333333333333,"H4C8"
"MTHFR",0.000928571428571429,"MTHFR"
"ALG12",0.0126711251167134,"ALG12"
"BAMBI",0.0319739453640988,"BAMBI"
"CABLES2",0,"CABLES2"
"OSBPL10",0,"OSBPL10"
"ENSG00000233708",0.00181818181818182,"ENSG00000233708"
"FAIM2",0,"FAIM2"
"MIR4733HG",0,"MIR4733HG"
"LIN9",0,"LIN9"
"JAM3",0.00247058823529412,"JAM3"
"AMMECR1.IT1",0.00921490274431451,"AMMECR1.IT1"
"TBX5",0,"TBX5"
"ENSG00000224195",0,"ENSG00000224195"
"RAPH1",0,"RAPH1"
"H2BC10",0.0104593434343434,"H2BC10"
"PPP6R1",0.0060586161387632,"PPP6R1"
"NCAPH2",0,"NCAPH2"
"NFATC2",0.00155555555555556,"NFATC2"
"ENSG00000256981",0,"ENSG00000256981"
"GCSAML",0.0018131692868535,"GCSAML"
"EIF2AK1",0,"EIF2AK1"
"HIGD2AP1",0.00188571428571429,"HIGD2AP1"
"TENT5C",0.0102583206009677,"TENT5C"
"HBQ1",0.0141595238095238,"HBQ1"
"SERPINB5",0.000928571428571429,"SERPINB5"
"TRPV4",0.0036922619047619,"TRPV4"
"LINC01023",0.00339882943143813,"LINC01023"
"AACS",0.00187301587301587,"AACS"
"HSP90AB4P",0.005962811942959,"HSP90AB4P"
"LINC00565",0,"LINC00565"
"PLEKHG4",0,"PLEKHG4"
"ENSG00000233585",0,"ENSG00000233585"
"RN7SL689P",0,"RN7SL689P"
"IKZF1",0,"IKZF1"
"RN7SKP245",0.000928571428571429,"RN7SKP245"
"ENSG00000240015",0.000949999999999999,"ENSG00000240015"
"DSP",0.0034530303030303,"DSP"
"ENSG00000273784",0,"ENSG00000273784"
"LRRTM2",0.000933333333333334,"LRRTM2"
"S100A2",0.00141666666666667,"S100A2"
"GRAP2",0.0009375,"GRAP2"
"ENSG00000261469",0,"ENSG00000261469"
"MYOM3",0,"MYOM3"
"TIAM1",0.00712964094728801,"TIAM1"
"REEP3",0,"REEP3"
"LMO4",0.00594285714285714,"LMO4"
"ENSG00000279752",0.0103695970695971,"ENSG00000279752"
"SPSB3",0.00186425339366516,"SPSB3"
"ANKZF1",0.000909090909090909,"ANKZF1"
"RN7SKP173",0.00562792860734037,"RN7SKP173"
"ENSG00000229273",0.0044,"ENSG00000229273"
"LUZP1",0.00666862745098039,"LUZP1"
"FOXRED1",0.00075,"FOXRED1"
"CAV1",0,"CAV1"
"NDRG1",0,"NDRG1"
"ENSG00000287677",0.000876811594202898,"ENSG00000287677"
"MATN3",0,"MATN3"
"KCNC2",0.00185714285714286,"KCNC2"
"ZNF587",0.00680196078431372,"ZNF587"
"ANKRD18A",0.00695714285714286,"ANKRD18A"
"TRAF1",0.00424702380952381,"TRAF1"
"MIR212",0,"MIR212"
"TMEM235",0,"TMEM235"
"SSR1",0.00745393028024607,"SSR1"
"NXPH4",0.00357846790890269,"NXPH4"
"ENSG00000272945",0.00403964456596036,"ENSG00000272945"
"G6PC3",0.00571666666666667,"G6PC3"
"BDP1",0,"BDP1"
"TXNRD2",0.00658792569659443,"TXNRD2"
"WAC",0.0015952380952381,"WAC"
"WNT5B",0.0009375,"WNT5B"
"ENSG00000287831",0.000666666666666667,"ENSG00000287831"
"C10orf105",0,"C10orf105"
"GRK6",0,"GRK6"
"STRIP2",0.00366060606060606,"STRIP2"
"TSPAN14",0.0346438598166539,"TSPAN14"
"POFUT2",0.0059702614379085,"POFUT2"
"LASTR",0,"LASTR"
"METTL17",0.00186607142857143,"METTL17"
"H3C11",0,"H3C11"
"POC1A",0.00178947368421053,"POC1A"
"HAPLN3",0.00133333333333333,"HAPLN3"
"ANXA3",0,"ANXA3"
"SQOR",0.00185164835164835,"SQOR"
"TPX2",0.0121544117647059,"TPX2"
"CDT1",0.000941176470588236,"CDT1"
"H2AC15",0,"H2AC15"
"MIR34AHG",0.00349117647058824,"MIR34AHG"
"ENSG00000274294",0,"ENSG00000274294"
"ENSG00000273137",0.00852029941163068,"ENSG00000273137"
"IQGAP2",0.00188888888888889,"IQGAP2"
"LINC01619",0,"LINC01619"
"GGT7",0.000928571428571429,"GGT7"
"RHCE",0,"RHCE"
"DLG4",0,"DLG4"
"CCDC137",0,"CCDC137"
"ENSG00000237520",0.000944444444444445,"ENSG00000237520"
"ANKRD37",0.00357393483709273,"ANKRD37"
"GAB3",0.00722222222222222,"GAB3"
"SERPINB1",0.000928571428571429,"SERPINB1"
"MIIP",0.0025,"MIIP"
"ENSG00000264956",0.000954545454545455,"ENSG00000264956"
"KIAA1958",0.000954545454545455,"KIAA1958"
"CARD8",0,"CARD8"
"H2AC6",0.00259242424242424,"H2AC6"
"RCCD1",0,"RCCD1"
"CLIP3",0,"CLIP3"
"C5orf52",0.00676523109243698,"C5orf52"
"SCGB3A1",0.00827493606138107,"SCGB3A1"
"FAM20A",0.131946379733957,"FAM20A"
"RBM38.AS1",0.00361111111111111,"RBM38.AS1"
"SPINT1",0.00659774436090226,"SPINT1"
"NDUFAF1",0.0075,"NDUFAF1"
"RMDN3",0,"RMDN3"
"UNC5C",0.00266470588235294,"UNC5C"
"FADS1",0,"FADS1"
"KMT5C",0.0137263220439691,"KMT5C"
"LINC01226",0.00175,"LINC01226"
"CMTM5",0.0114625,"CMTM5"
"IFI27L2",0.0250327380952381,"IFI27L2"
"SPATA18",0,"SPATA18"
"PTGIS",0,"PTGIS"
"RCAN1",0.000933333333333334,"RCAN1"
"NATD1",0.00435164835164835,"NATD1"
"PLXDC2",0.00426666666666667,"PLXDC2"
"PSMG3",0.0146126364863207,"PSMG3"
"C15orf48",0.00273391812865497,"C15orf48"
"NPAS2",0.00335454545454546,"NPAS2"
"RPL23AP32",0,"RPL23AP32"
"LRP1",0,"LRP1"
"BMERB1",0.00799002011060835,"BMERB1"
"ITGB3",0.00653333333333333,"ITGB3"
"TRIM40",0.010740604067714,"TRIM40"
"TPI1",0.00247619047619048,"TPI1"
"PRDX1",0.00171428571428571,"PRDX1"
"ZNF429",0.00560059523809524,"ZNF429"
"ARHGAP1",0.00075,"ARHGAP1"
"ENSG00000242578",0.0034875,"ENSG00000242578"
"ZNF702P",0.00370563909774436,"ZNF702P"
"NAP1L4",0.000928571428571429,"NAP1L4"
"LINC02765",0,"LINC02765"
"ENSG00000262115",0,"ENSG00000262115"
"PTPRG",0,"PTPRG"
"SLFN14",0.00262337662337662,"SLFN14"
"TBX15",0,"TBX15"
"FRK",0.00189117647058823,"FRK"
"ORC2",0.009625,"ORC2"
"IGFBP7",0,"IGFBP7"
"CRIP2",0,"CRIP2"
"FAM171A2",0,"FAM171A2"
"EXOC3",0.00551147906531033,"EXOC3"
"ENSG00000256189",0,"ENSG00000256189"
"RBMS1P1",0,"RBMS1P1"
"SPTBN2",0.0509777360066834,"SPTBN2"
"TMEM130",0.00113333333333333,"TMEM130"
"ENSG00000279637",0.00230769230769231,"ENSG00000279637"
"RMRP",0.0036,"RMRP"
"MYO10",0,"MYO10"
"GAPDHP37",0,"GAPDHP37"
"CDX2",0.00176470588235294,"CDX2"
"ANKRD20A4P",0,"ANKRD20A4P"
"ENSG00000254867",0.00517575757575757,"ENSG00000254867"
"CETP",0.0059375,"CETP"
"NOP9",0.0059185520361991,"NOP9"
"IFITM1",0.000933333333333334,"IFITM1"
"LLPH",0.0050875,"LLPH"
"ZFP91",0.0076410251899803,"ZFP91"
"ENSG00000271204",0.00187593984962406,"ENSG00000271204"
"STRADB",0.0027,"STRADB"
"ENSG00000255085",0,"ENSG00000255085"
"MEI4",0.00269444444444444,"MEI4"
"ENSG00000287037",0,"ENSG00000287037"
"RNU105B",0.00798528138528139,"RNU105B"
"TENM3",0.00181818181818182,"TENM3"
"ENSG00000253399",0,"ENSG00000253399"
"AK5",0.00173333333333333,"AK5"
"APOBEC3C",0.00272697368421053,"APOBEC3C"
"CD2AP",0.00433939393939394,"CD2AP"
"CDK1",0,"CDK1"
"KRT8P21",0,"KRT8P21"
"SLC27A2",0.000933333333333334,"SLC27A2"
"DHX36",0.00532312091503268,"DHX36"
"ENSG00000276170",0,"ENSG00000276170"
"ENSG00000287710",0.00575454545454545,"ENSG00000287710"
"CTBP2P7",0,"CTBP2P7"
"MADCAM1.AS1",0.0173160463659148,"MADCAM1.AS1"
"ENSG00000247416",0,"ENSG00000247416"
"CARM1",0.00176470588235294,"CARM1"
"HMGN2",0.00512209936606221,"HMGN2"
"DCXR",0,"DCXR"
"N4BP2L2.IT2",0.00805769230769231,"N4BP2L2.IT2"
"RPL7AP60",0.0187768790849673,"RPL7AP60"
"PLXNB1",0,"PLXNB1"
"THA1P",0.000952380952380953,"THA1P"
"LHX5",0,"LHX5"
"DYNLT4",0.00506974789915966,"DYNLT4"
"RAB33B.AS1",0.00180952380952381,"RAB33B.AS1"
"RN7SL11P",0.0128803000147427,"RN7SL11P"
"CDK5RAP2",0.000916666666666667,"CDK5RAP2"
"ADAMTSL4",0.00263333333333333,"ADAMTSL4"
"AGFG2",0,"AGFG2"
"CBX7",0,"CBX7"
"RARRES2P1",0.0009375,"RARRES2P1"
"MTF1",0,"MTF1"
"SLC16A7",0.015253846012089,"SLC16A7"
"XRCC2",0.0632998280701067,"XRCC2"
"RASGRP4",0,"RASGRP4"
"SH3RF1",0,"SH3RF1"
"PDIA5",0.00882846448786851,"PDIA5"
"CRMP1",0,"CRMP1"
"PDK3",0.0139744047619048,"PDK3"
"IFT140",0.000909090909090909,"IFT140"
"GABPB2",0.00274242424242424,"GABPB2"
"XPO1",0,"XPO1"
"FGFR2",0,"FGFR2"
"ICA1",0.0252342245989305,"ICA1"
"PPIL4",0.00325757575757576,"PPIL4"
"UNC93B6",0,"UNC93B6"
"DLX3",0.00533888888888889,"DLX3"
"MALL",0,"MALL"
"CFAP161",0,"CFAP161"
"GAS2L1",0.0161166666666667,"GAS2L1"
"ENSG00000286274",0,"ENSG00000286274"
"C1QL1",0.00797239819004525,"C1QL1"
"MRTFB",0,"MRTFB"
"PIK3R3",0,"PIK3R3"
"DNMT1",0,"DNMT1"
"ENSG00000279684",0,"ENSG00000279684"
"ENSG00000286518",0.0035672514619883,"ENSG00000286518"
"C6",0.00917912087912088,"C6"
"DCTN6.DT",0.00750964912280702,"DCTN6.DT"
"RMND5A",0.00987691102756892,"RMND5A"
"BARD1",0.00187044534412956,"BARD1"
"NEUROG2",0,"NEUROG2"
"TMEM147",0.00274117647058824,"TMEM147"
"PRC1",0,"PRC1"
"ENSG00000244513",0.00232535885167464,"ENSG00000244513"
"TGFBR1",0.0126430990578049,"TGFBR1"
"C1orf216",0.0222130591630592,"C1orf216"
"CD24",0.000941176470588236,"CD24"
"ENSG00000224613",0,"ENSG00000224613"
"GAS1RR",0.0660535924816498,"GAS1RR"
"TAC1",0.000666666666666667,"TAC1"
"SLC2A1",0.000944444444444445,"SLC2A1"
"SFRP2",0,"SFRP2"
"TSPAN32",0.0016875,"TSPAN32"
"BLACE",0.00350220588235294,"BLACE"
"MATN2",0,"MATN2"
"ENSG00000233223",0.00810925324675325,"ENSG00000233223"
"GMPS",0.000928571428571429,"GMPS"
"SPATA1",0.0178645703933747,"SPATA1"
"ENSG00000224091",0.00276550116550117,"ENSG00000224091"
"CD9",0,"CD9"
"ENSG00000254485",0.0065609538552263,"ENSG00000254485"
"PCDHA12",0,"PCDHA12"
"MTAP",0.00653333333333333,"MTAP"
"IRS2",0.00756111111111111,"IRS2"
"ENSG00000159239",0.00273809523809524,"ENSG00000159239"
"CIDEB",0,"CIDEB"
"NEK6",0.0087172619047619,"NEK6"
"MPIG6B",0.0021,"MPIG6B"
"RFWD3",0,"RFWD3"
"TRIM56",0,"TRIM56"
"ZNF81",0.0669650075414781,"ZNF81"
"COLQ",0.00357575757575758,"COLQ"
"TBC1D31",0.00501035196687371,"TBC1D31"
"ENSG00000278965",0.000916666666666667,"ENSG00000278965"
"SLC16A4",0.00594420677361854,"SLC16A4"
"COLGALT2",0,"COLGALT2"
"H2AC10P",0.002625,"H2AC10P"
"ENG",0,"ENG"
"PAX8.AS1",0.00670609857978279,"PAX8.AS1"
"SLC25A44",0.0107294117647059,"SLC25A44"
"CCDC27",0,"CCDC27"
"ATP6AP2",0.0147880530202512,"ATP6AP2"
"ADCY9",0.00169230769230769,"ADCY9"
"ENSG00000224481",0.000928571428571429,"ENSG00000224481"
"TMEM184B",0.0197791666666667,"TMEM184B"
"PLEKHA4",0.00075,"PLEKHA4"
"MAF1",0.00403333333333333,"MAF1"
"HIVEP2",0,"HIVEP2"
"BRME1",0.00336057692307692,"BRME1"
"ZBTB40.IT1",0,"ZBTB40.IT1"
"ARHGAP19",0.00245614035087719,"ARHGAP19"
"ENSG00000272977",0.0016875,"ENSG00000272977"
"SEC22C",0,"SEC22C"
"EPHA4",0,"EPHA4"
"REPIN1",0.00563333333333333,"REPIN1"
"SLC16A10",0.00335416666666667,"SLC16A10"
"PPP2R3C",9e-04,"PPP2R3C"
"HIF1A.AS3",0.00537391304347826,"HIF1A.AS3"
"RBFOX2",0.0034375,"RBFOX2"
"CDAN1",0.000933333333333334,"CDAN1"
"ANPEP",0.00268778280542986,"ANPEP"
"LINC02795",0,"LINC02795"
"SLC36A4",0.00481666666666667,"SLC36A4"
"FAM185BP",0.0345666643770746,"FAM185BP"
"SLC48A1",0.00173333333333333,"SLC48A1"
"MUC2",0.00271207430340557,"MUC2"
"SPTAN1",0,"SPTAN1"
"ANKS6",0,"ANKS6"
"ATG7",0,"ATG7"
"ENSG00000229983",0,"ENSG00000229983"
"FAM83D",0.0023578947368421,"FAM83D"
"SIX4",0.00996666666666667,"SIX4"
"ENSG00000227619",0,"ENSG00000227619"
"ENSG00000279925",0,"ENSG00000279925"
"ASMT",0,"ASMT"
"ENSG00000276931",0.00276555023923445,"ENSG00000276931"
"NR3C1",0.00823154761904762,"NR3C1"
"ENSG00000228037",0.00418487394957983,"ENSG00000228037"
"ENSG00000287100",0.00268333333333333,"ENSG00000287100"
"ENSG00000279799",0.00468333333333334,"ENSG00000279799"
"TSPAN9.IT1",0.00764573443412453,"TSPAN9.IT1"
"TAZ",0.00971358695652174,"TAZ"
"LY6G6D",0.0027375,"LY6G6D"
"RN7SL390P",0.00340392156862745,"RN7SL390P"
"NR1H2",0.00560376984126984,"NR1H2"
"PLS3",0,"PLS3"
"CGRRF1",0.00422307692307692,"CGRRF1"
"LIN7A",0.000933333333333334,"LIN7A"
"PKNOX2",0.0009375,"PKNOX2"
"ZNF532",0.000941176470588236,"ZNF532"
"COL19A1",0,"COL19A1"
"MIR99AHG",0,"MIR99AHG"
"SMAP2",0,"SMAP2"
"ENSG00000286835",0.00184242424242424,"ENSG00000286835"
"ECT2",0.00160714285714286,"ECT2"
"FBLN7",0,"FBLN7"
"PDE4A",0.00266190476190476,"PDE4A"
"FAM229A",0.00255,"FAM229A"
"MT1JP",0,"MT1JP"
"COX16",0,"COX16"
"ENSG00000224272",0,"ENSG00000224272"
"ENSG00000285844",0.00175,"ENSG00000285844"
"PDGFA",0.00171428571428571,"PDGFA"
"ANO1",0.000666666666666667,"ANO1"
"ENSG00000271344",0.00246666666666667,"ENSG00000271344"
"RPL29P2",0.0018,"RPL29P2"
"CROCCP1",0.00177777777777778,"CROCCP1"
"SLED1",0,"SLED1"
"UST",0.010077399380805,"UST"
"ENSG00000280537",0.00075,"ENSG00000280537"
"SNHG10",0.00167857142857143,"SNHG10"
"ENSG00000272056",0.000666666666666667,"ENSG00000272056"
"ENSG00000265334",0,"ENSG00000265334"
"RN7SL359P",0,"RN7SL359P"
"TMEM230",0,"TMEM230"
"KRT73.AS1",0,"KRT73.AS1"
"SMAD9",0.00560059523809524,"SMAD9"
"PGAM1",0,"PGAM1"
"BLM",0,"BLM"
"GPLD1",0.0009375,"GPLD1"
"NECTIN4",0.000933333333333334,"NECTIN4"
"ASF1A",0.00627692307692308,"ASF1A"
"HSPA6",0.00171428571428571,"HSPA6"
"WEE1",0.00310416666666667,"WEE1"
"BACE1",0,"BACE1"
"PCSK1N",0.00349803921568627,"PCSK1N"
"CACNB1",0.000947368421052632,"CACNB1"
"ENSG00000231881",0.00587785087719298,"ENSG00000231881"
"ZNF385A",0.00628343685300207,"ZNF385A"
"CLEC2L",0.0009375,"CLEC2L"
"DDX11",0.00601666666666667,"DDX11"
"UBE2E2.AS1",0.00435421245421245,"UBE2E2.AS1"
"GDAP1L1",0.000909090909090909,"GDAP1L1"
"MYCNOS",0.000933333333333334,"MYCNOS"
"LINC01415",0,"LINC01415"
"ENSG00000280325",0,"ENSG00000280325"
"SERPING1",0,"SERPING1"
"C16orf74",0.00671455627705628,"C16orf74"
"CUEDC1",0,"CUEDC1"
"RASA4CP",0,"RASA4CP"
"SLC25A21",0,"SLC25A21"
"FZD10",0,"FZD10"
"LTBP4",0,"LTBP4"
"COPZ2",0,"COPZ2"
"ST6GALNAC4",0.000928571428571429,"ST6GALNAC4"
"ARID3A",0.00155,"ARID3A"
"DNM1P38",0,"DNM1P38"
"ONECUT2",0.000888888888888889,"ONECUT2"
"NOS2",0,"NOS2"
"GALNT10",0,"GALNT10"
"CDH13",0.00075,"CDH13"
"tissue_celltype_lowercasepellet",0,"tissue_celltype_lowercasepellet"
"Age",0,"Age"
"GenderM",0.000916666666666667,"GenderM"
"BMI",0,"BMI"
"cysts1",0,"cysts1"
"fibrosis1",0,"fibrosis1"
"blood_vessels1",0,"blood_vessels1"
"cartilage_islands1",0,"cartilage_islands1"
"trabeculae_thickened1",0,"trabeculae_thickened1"
"tidemark_integrity1",0,"tidemark_integrity1"
"inflammation1",0.0009375,"inflammation1"
"oabs_scoring5",0,"oabs_scoring5"
"oabs_scoring6",0,"oabs_scoring6"
"oabs_scoring7",0,"oabs_scoring7"
"oabs_scoring2",0,"oabs_scoring2"
"oabs_scoring3",0.00176470588235294,"oabs_scoring3"
"oabs_scoring4",0,"oabs_scoring4"
"oarsi_scoring3",0.00887638888888889,"oarsi_scoring3"
"oarsi_scoring4",0.000933333333333334,"oarsi_scoring4"
"oarsi_scoring5",0,"oarsi_scoring5"
"oarsi_scoring6",0,"oarsi_scoring6"
"oarsi_scoring1",0.000916666666666667,"oarsi_scoring1"
